Nid;Títol;Tipus;Autor;Num. Inventari;Alçada;Amplada;Col·lecció;Inici;Imatge;Subjecte representat;Localització;Col·lecció;Carrer;Codi catàleg;Coordenades;Diócesis;Estatus;Gènere;Material utilitzat;Part de;Població;Wikilink
3614;Q26567450;Escultura;anònim;;;;;;http://commons.wikimedia.org/wiki/Special:FilePath/Little%20Nell%2C%20Hyde%20Park.JPG;;;;;;Point(-0.155384 51.505445);;immoble registrat grau II;;;;Ciutat de Westminster;http://www.wikidata.org/entity/Q26567450
3615;A Charles Deering;Escultura;Josep Llimona i Bruguera;;;;;;;;;;;;;;;;;;Miami;http://www.wikidata.org/entity/Q26835792
3616;A Jeroni Estades;Escultura;Josep Llimona i Bruguera;;;;;;;;;;;;;;;;;;Sóller;http://www.wikidata.org/entity/Q26835796
3617;A Lluís Millet i l'Orfeó Català;Escultura;Josep Llimona i Bruguera;;;;;;;;;;;;;;;;;;;http://www.wikidata.org/entity/Q26835803
3618;A Sarah Bernhardt;Escultura;Josep Llimona i Bruguera;;;;;;;;;;;;;;;;;;;http://www.wikidata.org/entity/Q26835807
3619;A Toribi Duran;Escultura;Josep Llimona i Bruguera;;;;;;;;;;;;;;;;;;Barcelona;http://www.wikidata.org/entity/Q26835810
3620;A la memòria de Antonio López i Luisa Bru;Escultura;Josep Llimona i Bruguera;;;;;;;;;;;;;;;;;;;http://www.wikidata.org/entity/Q26835800
3621;A una benefectora de la infància;Escultura;Josep Llimona i Bruguera;;;;;;;;;;;;;;;;;;;http://www.wikidata.org/entity/Q26835814
3622;A Àngel Guimerà;Escultura;Josep Llimona i Bruguera;;;;;;;;;;;;;;;;;;Barcelona;http://www.wikidata.org/entity/Q26835788
3623;Adolescent 176;Escultura;Josep Llimona i Bruguera;;;;;;;;;;;;;;;;;;Cerdanyola del Vallès;http://www.wikidata.org/entity/Q26835823
3624;Adolescent 176a;Escultura;Josep Llimona i Bruguera;;;;;;;;;;;;;;;;;;Barcelona;http://www.wikidata.org/entity/Q26835824
3625;Adolescent 176b;Escultura;Josep Llimona i Bruguera;;;;;;;;;;;;;;;;;;;http://www.wikidata.org/entity/Q26835818
3626;Adolescent 176c;Escultura;Josep Llimona i Bruguera;;;;;;;;;;;;;;;;;;Madrid;http://www.wikidata.org/entity/Q26835822
3627;Adolescent 176d;Escultura;Josep Llimona i Bruguera;;;;;;;;;;;;;;;;;;;http://www.wikidata.org/entity/Q26835819
3628;Adolescent 176e;Escultura;Josep Llimona i Bruguera;;;;;;;;;;;;;;;;;;;http://www.wikidata.org/entity/Q26835821
3629;Adolescent 176f;Escultura;Josep Llimona i Bruguera;;;;;;;;;;;;;;;;;;;http://www.wikidata.org/entity/Q26835826
3630;Adolescent 176g;Escultura;Josep Llimona i Bruguera;;;;;;;;;;;;;;;;;;;http://www.wikidata.org/entity/Q26835817
3631;Aguila (Museu d'Art Modern de Tarragona, inv 3661);Escultura;Josep Pujol Montané;;;;;;;;;;;;;;;;;;;http://www.wikidata.org/entity/Q24258373
3632;Al Cardenal Casañas;Escultura;Josep Llimona i Bruguera;;;;;;;;;;;;;;;;;;Barcelona;http://www.wikidata.org/entity/Q26835827
3633;Al Mestre Antoni Nicolau;Escultura;Josep Llimona i Bruguera;;;;;;;;;;;;;;;;;;Barcelona;http://www.wikidata.org/entity/Q26835828
3634;Als Màrtirs de la Independència;Escultura;Josep Llimona i Bruguera;;;;;;;;;;;;;;;;;;Barcelona;http://www.wikidata.org/entity/Q26835830
3635;Altar de Sant Fèlix;Escultura;Josep Llimona i Bruguera;;;;;;;;;;;;;;;;;;Vilafranca del Penedès;http://www.wikidata.org/entity/Q26835833
3636;Altar de la Capella del Sagrat Cor;Escultura;Josep Llimona i Bruguera;;;;;;;;;;;;;;;;;;;http://www.wikidata.org/entity/Q26835831
3637;Altar de la Mare de Déu de la Concepció;Escultura;Josep Llimona i Bruguera;;;;;;;;;;;;;;;;;;;http://www.wikidata.org/entity/Q26835832
3638;Altar del Descens;Escultura;Josep Llimona i Bruguera;;;;;;;;;;;;;;;;;;;http://www.wikidata.org/entity/Q26835866
3639;Altar del Sagrat Cor 115;Escultura;Josep Llimona i Bruguera;;;;;;;;;;;;;;;;;;;http://www.wikidata.org/entity/Q26835834
3640;Altar del Sagrat Cor 38;Escultura;Josep Llimona i Bruguera;;;;;;;;;;;;;;;;;;;http://www.wikidata.org/entity/Q26835836
3641;Al·legoria d'un naixement (1909-1912);Escultura;Antoni Parera i Saurina;;;;;;;;;;;;;;;;;;;http://www.wikidata.org/entity/Q23902379
3642;Al·legoria de l'art (1909-1912);Escultura;Antoni Parera i Saurina;;;;;;;;;;;;;;;;;;;http://www.wikidata.org/entity/Q23901258
3643;Amor a la Infància;Escultura;Josep Llimona i Bruguera;;;;;;;;;;;;;;;;;;Barcelona;http://www.wikidata.org/entity/Q26835838
3644;Amor maternal;Escultura;Josep Llimona i Bruguera;;;;;;;;;;;;;;;;;;;http://www.wikidata.org/entity/Q26835842
3645;Amoret i dos cors entrellaçats, símbols de l'amor (1909-1912);Escultura;Antoni Parera i Saurina;;;;;;;;;;;;;;;;;;;http://www.wikidata.org/entity/Q23902375
3646;Andrógino (Museu d'Art Modern de Tarragona, inv 3015);Escultura;Julio Antonio;;;;;;;;;;;;;;;;;;;http://www.wikidata.org/entity/Q24255329
3647;Anunciació 100;Escultura;Josep Llimona i Bruguera;;;;;;;;;;;;;;;;;;Escorca;http://www.wikidata.org/entity/Q26835878
3648;Apostolat;Escultura;Josep Llimona i Bruguera;;;;;;;;;;;;;;;;;;;http://www.wikidata.org/entity/Q26835879
3649;Arcàngel Sant Miquel;Escultura;Josep Llimona i Bruguera;;;;;;;;;;;;;;;;;;;http://www.wikidata.org/entity/Q26835880
3650;Arribada de Colom a Barcelona després del seu primer viatge;Escultura;Josep Llimona i Bruguera;;;;;;;;;;;;;;;;;;;http://www.wikidata.org/entity/Q26835882
3651;Ascenció de Crist 105;Escultura;Josep Llimona i Bruguera;;;;;;;;;;;;;;;;;;Escorca;http://www.wikidata.org/entity/Q26835886
3652;Ascenció de Crist 92;Escultura;Josep Llimona i Bruguera;;;;;;;;;;;;;;;;;;;http://www.wikidata.org/entity/Q26835885
3653;Ascenció de Crist 92a;Escultura;Josep Llimona i Bruguera;;;;;;;;;;;;;;;;;;Pamplona;http://www.wikidata.org/entity/Q26835884
3654;Assumpció de Maria 79;Escultura;Josep Llimona i Bruguera;;;;;;;;;;;;;;;;;;Comillas;http://www.wikidata.org/entity/Q26835891
3655;Assumpció de Maria 79a;Escultura;Josep Llimona i Bruguera;;;;;;;;;;;;;;;;;;Pamplona;http://www.wikidata.org/entity/Q26835890
3656;Assumpció de Maria 79b;Escultura;Josep Llimona i Bruguera;;;;;;;;;;;;;;;;;;;http://www.wikidata.org/entity/Q26835892
3657;Assumpció de Maria 79b*;Escultura;Josep Llimona i Bruguera;;;;;;;;;;;;;;;;;;Barcelona;http://www.wikidata.org/entity/Q26835889
3658;Assumpció de Maria 79c;Escultura;Josep Llimona i Bruguera;;;;;;;;;;;;;;;;;;Manlleu;http://www.wikidata.org/entity/Q26835895
3659;Assumpció de Maria 79d;Escultura;Josep Llimona i Bruguera;;;;;;;;;;;;;;;;;;Barcelona;http://www.wikidata.org/entity/Q26835894
3660;Assumpció de la Verge 110;Escultura;Josep Llimona i Bruguera;;;;;;;;;;;;;;;;;;Escorca;http://www.wikidata.org/entity/Q26835888
3661;Automòbil Club;Escultura;Josep Llimona i Bruguera;;;;;;;;;;;;;;;;;;;http://www.wikidata.org/entity/Q26835896
3662;Autoretrat (Museu d'Art Modern de Tarragona, inv 3004);Escultura;Julio Antonio;;;;;;;;;;;;;;;;;;;http://www.wikidata.org/entity/Q24255336
3663;Aviación (1909-1912);Escultura;Antoni Parera i Saurina;;;;;;;;;;;;;;;;;;;http://www.wikidata.org/entity/Q23901962
3664;Avila de los Caballeros (Museu d'Art Modern de Tarragona, inv 3049);Escultura;Julio Antonio;;;;;;;;;;;;;;;;;;;http://www.wikidata.org/entity/Q24256962
3665;Avila de los Caballeros (Museu d'Art Modern de Tarragona, inv 3235);Escultura;Julio Antonio;;;;;;;;;;;;;;;;;;;http://www.wikidata.org/entity/Q24258290
3666;Barcelona dóna pas a la justícia (1908) (model de revers);Escultura;Antoni Parera i Saurina;;;;;;;;;;;;;;;;;;;http://www.wikidata.org/entity/Q23901247
3667;Bartomeu Amat;Escultura;Josep Llimona i Bruguera;;;;;;;;;;;;;;;;;;Terrassa;http://www.wikidata.org/entity/Q26835901
3668;Bellesa 178;Escultura;Josep Llimona i Bruguera;;;;;;;;;;;;;;;;;;;http://www.wikidata.org/entity/Q26835905
3669;Bellesa 178b;Escultura;Josep Llimona i Bruguera;;;;;;;;;;;;;;;;;;Barcelona;http://www.wikidata.org/entity/Q26835907
3670;Bellesa 178c;Escultura;Josep Llimona i Bruguera;;;;;;;;;;;;;;;;;;;http://www.wikidata.org/entity/Q26835903
3671;Bellesa 178d;Escultura;Josep Llimona i Bruguera;;;;;;;;;;;;;;;;;;;http://www.wikidata.org/entity/Q26835902
3672;Bellesa 178e;Escultura;Josep Llimona i Bruguera;;;;;;;;;;;;;;;;;;Barcelona;http://www.wikidata.org/entity/Q26835904
3673;Bellesa 179;Escultura;Josep Llimona i Bruguera;;;;;;;;;;;;;;;;;;;http://www.wikidata.org/entity/Q26835906
3674;Boceto Monumento a Wagner (Museu d'Art Modern de Tarragona, inv 3041);Escultura;Julio Antonio;;;;;;;;;;;;;;;;;;;http://www.wikidata.org/entity/Q24258297
3675;Boceto Monumento a Wagner (Museu d'Art Modern de Tarragona, inv 3229);Escultura;Julio Antonio;;;;;;;;;;;;;;;;;;;http://www.wikidata.org/entity/Q24258298
3676;Boceto del Monumento a los Héroes de Tarragona (Museu d'Art Modern de Tarragona, inv 3007);Escultura;Julio Antonio;;;;;;;;;;;;;;;;;;;http://www.wikidata.org/entity/Q24255337
3677;Bust d'Alfons XIII;Escultura;Josep Llimona i Bruguera;;;;;;;;;;;;;;;;;;;http://www.wikidata.org/entity/Q26835908
3678;Bust d'home;Escultura;;;;;;;;;;;;;;;;;;;;http://www.wikidata.org/entity/Q23951983
3679;Bust d'una dona d'avançada edat;Escultura;Josep Llimona i Bruguera;;;;;;;;;;;;;;;;;;;http://www.wikidata.org/entity/Q26835910
3680;Bust de Beethoven;Escultura;Josep Llimona i Bruguera;;;;;;;;;;;;;;;;;;;http://www.wikidata.org/entity/Q26835911
3681;Bust de Carles Gumersind Vidiella;Escultura;Josep Llimona i Bruguera;;;;;;http://commons.wikimedia.org/wiki/Special:FilePath/Retrat%20Vidiella%20Josep%20Llimona%20CAT%20CEDOC%201.09.55.jpg;;;;;;;;;;;;Barcelona;http://www.wikidata.org/entity/Q24347933
3682;Bust de dona;Escultura;;;;;;;;;;;;;;;;;;;;http://www.wikidata.org/entity/Q23951984
3683;Bust de la Resignació;Escultura;Josep Llimona i Bruguera;;;;;;;;;;;;;;;;;;;http://www.wikidata.org/entity/Q26835912
3684;Bust de noia;Escultura;Josep Llimona i Bruguera;;;;;;;;;;;;;;;;;;;http://www.wikidata.org/entity/Q26835913
3685;Bust de nostra Senyora del Roser;Escultura;Josep Llimona i Bruguera;;;;;;;;;;;;;;;;;;;http://www.wikidata.org/entity/Q26835915
3686;Bust del Patge Florentí;Escultura;Josep Llimona i Bruguera;;;;;;;;;;;;;;;;;;;http://www.wikidata.org/entity/Q26835917
3687;Bust del Sr. Barrau;Escultura;Josep Llimona i Bruguera;;;;;;;;;;;;;;;;;;;http://www.wikidata.org/entity/Q26835920
3688;Bust del nét de l'escultor;Escultura;Mariano Benlliure Gil;;;;;;;;;;;;;;;;;;;http://www.wikidata.org/entity/Q24196231
3689;Bust en terracuita de Lluís Millet i Pagès;Escultura;;;;;;;;;;;;;;;;;;;Barcelona;http://www.wikidata.org/entity/Q22078311
3690;Bust femení;Escultura;Agustí Querol i Subirats;;;;;;;;;;;;;;;;;;;http://www.wikidata.org/entity/Q24175412
3691;Bust femení 148;Escultura;Josep Llimona i Bruguera;;;;;;;;;;;;;;;;;;Barcelona;http://www.wikidata.org/entity/Q26835923
3692;Bust femení 213;Escultura;Josep Llimona i Bruguera;;;;;;;;;;;;;;;;;;;http://www.wikidata.org/entity/Q26835921
3693;Bust femení 213a;Escultura;Josep Llimona i Bruguera;;;;;;;;;;;;;;;;;;Mollet del Vallès;http://www.wikidata.org/entity/Q26835924
3694;Bust femení 213b;Escultura;Josep Llimona i Bruguera;;;;;;;;;;;;;;;;;;;http://www.wikidata.org/entity/Q26835922
3695;Bust femení amb vel 68a;Escultura;Josep Llimona i Bruguera;;;;;;;;;;;;;;;;;;Barcelona;http://www.wikidata.org/entity/Q26835925
3696;Busto de Héroe muerto (Museu d'Art Modern de Tarragona, inv 3011);Escultura;Julio Antonio;;;;;;;;;;;;;;;;;;;http://www.wikidata.org/entity/Q24258295
3697;Busts del matrimoni Masllorens;Escultura;Josep Llimona i Bruguera;;;;;;;;;;;;;;;;;;Olot;http://www.wikidata.org/entity/Q26835926
3698;Cabrero de las Tierras de Zamora (Museu d'Art Modern de Tarragona, inv 3003);Escultura;Julio Antonio;;;;;;;;;;;;;;;;;;;http://www.wikidata.org/entity/Q24255321
3699;Cabrero de las Tierras de Zamora (Museu d'Art Modern de Tarragona, inv 3205);Escultura;Julio Antonio;;;;;;;;;;;;;;;;;;;http://www.wikidata.org/entity/Q24257019
3700;Camí cap al Calvari;Escultura;Josep Llimona i Bruguera;;;;;;;;;;;;;;;;;;Escorca;http://www.wikidata.org/entity/Q26835927
3701;Cangur (Museu d'Art Modern de Tarragona, inv 3667);Escultura;Josep Pujol Montané;;;;;;;;;;;;;;;;;;;http://www.wikidata.org/entity/Q24258383
3702;Cap de Crist;Escultura;Josep Llimona i Bruguera;;;;;;;;;;;;;;;;;;;http://www.wikidata.org/entity/Q26835928
3703;Cap de noia;Escultura;Joan Borrell i Nicolau;;;;;;;;;;;;;;;;;;;http://www.wikidata.org/entity/Q23955893
3704;Carreras ciclistas (1909-1912);Escultura;Antoni Parera i Saurina;;;;;;;;;;;;;;;;;;;http://www.wikidata.org/entity/Q23901758
3705;Catalunya i les Ciències 129;Escultura;Josep Llimona i Bruguera;;;;;;;;;;;;;;;;;;Barcelona;http://www.wikidata.org/entity/Q26835929
3706;Catalunya i les Ciències 129a;Escultura;Josep Llimona i Bruguera;;;;;;;;;;;;;;;;;;Barcelona;http://www.wikidata.org/entity/Q26835931
3707;Cinquantenari dels Jocs Florals de Barcelona M04;Escultura;Josep Llimona i Bruguera;;;;;;;;;;;;;;;;;;;http://www.wikidata.org/entity/Q26835934
3708;Cinquantenari dels Jocs Florals de Barcelona M04a;Escultura;Josep Llimona i Bruguera;;;;;;;;;;;;;;;;;;Barcelona;http://www.wikidata.org/entity/Q26835933
3709;Cinquè misteri de Dolor;Escultura;Josep Puig i Cadafalch;;;;;;;;;;;;Point(1.8425 41.590833333);;;;;;Collbató;http://www.wikidata.org/entity/Q23782675
3710;Cinquè misteri de Dolor;Escultura;Josep Llimona i Bruguera;;;;;;;;;;;;Point(1.8425 41.590833333);;;;;;Collbató;http://www.wikidata.org/entity/Q23782675
3711;Comisión de Reformas, Tesorería y Obras extraodinarias;Escultura;Josep Llimona i Bruguera;;;;;;;;;;;;;;;;;;;http://www.wikidata.org/entity/Q26835935
3712;Cordèlia;Escultura;Josep Llimona i Bruguera;;;;;;;;;;;;;;;;;;;http://www.wikidata.org/entity/Q26835937
3713;Coronació d'espines;Escultura;Josep Llimona i Bruguera;;;;;;;;;;;;;;;;;;Escorca;http://www.wikidata.org/entity/Q26835939
3714;Coronació de la Verge;Escultura;Josep Llimona i Bruguera;;;;;;;;;;;;;;;;;;Escorca;http://www.wikidata.org/entity/Q26835941
3715;Creu 183;Escultura;Josep Llimona i Bruguera;;;;;;;;;;;;;;;;;;;http://www.wikidata.org/entity/Q26835942
3716;Crist a la Creu;Escultura;Josep Llimona i Bruguera;;;;;;;;;;;;;;;;;;Collbató;http://www.wikidata.org/entity/Q26835783
3717;Crist a la Creu 207;Escultura;Josep Llimona i Bruguera;;;;;;;;;;;;;;;;;;Terrassa;http://www.wikidata.org/entity/Q26835953
3718;Crist a la Creu 207a;Escultura;Josep Llimona i Bruguera;;;;;;;;;;;;;;;;;;Manresa;http://www.wikidata.org/entity/Q26835952
3719;Crist a la Creu 207b;Escultura;Josep Llimona i Bruguera;;;;;;;;;;;;;;;;;;Sitges;http://www.wikidata.org/entity/Q26835950
3720;Crist a la Creu 207c;Escultura;Josep Llimona i Bruguera;;;;;;;;;;;;;;;;;;Olot;http://www.wikidata.org/entity/Q26835954
3721;Crist a la Creu 207d;Escultura;Josep Llimona i Bruguera;;;;;;;;;;;;;;;;;;Figueres;http://www.wikidata.org/entity/Q26835956
3722;Crist a la Creu 41a;Escultura;Josep Llimona i Bruguera;;;;;;;;;;;;;;;;;;Monistrol de Montserrat;http://www.wikidata.org/entity/Q26835944
3723;Crist a la Creu 41b;Escultura;Josep Llimona i Bruguera;;;;;;;;;;;;;;;;;;;http://www.wikidata.org/entity/Q26835945
3724;Crist a la Creu 41c;Escultura;Josep Llimona i Bruguera;;;;;;;;;;;;;;;;;;Barcelona;http://www.wikidata.org/entity/Q26835949
3725;Crist a la Creu 41d;Escultura;Josep Llimona i Bruguera;;;;;;;;;;;;;;;;;;;http://www.wikidata.org/entity/Q26835947
3726;Crist a la Creu 41e;Escultura;Josep Llimona i Bruguera;;;;;;;;;;;;;;;;;;;http://www.wikidata.org/entity/Q26835946
3727;Crist a la Creu 41f;Escultura;Josep Llimona i Bruguera;;;;;;;;;;;;;;;;;;Pamplona;http://www.wikidata.org/entity/Q26835943
3728;Crist a la Creu amb Sant Joan i la Verge Maria;Escultura;Josep Llimona i Bruguera;;;;;;;;;;;;;;;;;;;http://www.wikidata.org/entity/Q26835957
3729;Crist jacent;Escultura;Venanci Vallmitjana i Barbany;;;;;;;;;;;;;;;;;;;http://www.wikidata.org/entity/Q23813331
3730;Crist ressucitat;Escultura;Josep Llimona i Bruguera;;;;;;;;;;;;;;;;;;Collbató;http://www.wikidata.org/entity/Q26835778
3731;Crucifixió 112;Escultura;Josep Llimona i Bruguera;;;;;;;;;;;;;;;;;;Escorca;http://www.wikidata.org/entity/Q26835959
3732;Cástor Cañedo (Museu d'Art Modern de Tarragona, inv 3047);Escultura;Julio Antonio;;;;;;;;;;;;;;;;;;;http://www.wikidata.org/entity/Q24256958
3733;Daniel;Escultura;Josep Llimona i Bruguera;;;;;;;;;;;;;;;;;;Monistrol de Montserrat;http://www.wikidata.org/entity/Q26835961
3734;Dario (Museu d'Art Modern de Tarragona, inv 3029);Escultura;Julio Antonio;;;;;;;;;;;;;;;;;;;http://www.wikidata.org/entity/Q24256931
3735;Dario (Museu d'Art Modern de Tarragona, inv 3221);Escultura;Julio Antonio;;;;;;;;;;;;;;;;;;;http://www.wikidata.org/entity/Q24258249
3736;Dario (Museu d'Art Modern de Tarragona, inv 3222);Escultura;Julio Antonio;;;;;;;;;;;;;;;;;;;http://www.wikidata.org/entity/Q24258248
3737;Desconsol;Escultura;Josep Llimona i Bruguera;;;;;;http://commons.wikimedia.org/wiki/Special:FilePath/Barcelona%202%20368.JPG;;;;;;Point(2.18805556 41.38777778);;;;;;Barcelona;http://www.wikidata.org/entity/Q3815359
3738;Desconsol;Escultura;Josep Llimona i Bruguera;;;;;;http://commons.wikimedia.org/wiki/Special:FilePath/Josep%20Llimona%2C%201903%2C%20Desconsol%2C%20white%20marble%2C%20copy%20from%201984%2C%20parc%20de%20la%20Ciutadella%2C%20Barcelona%203%20DSC09613.jpg;;;;;;Point(2.18805556 41.38777778);;;;;;Barcelona;http://www.wikidata.org/entity/Q3815359
3739;Desconsol 83;Escultura;Josep Llimona i Bruguera;;;;;;;;;;;;;;;;;;;http://www.wikidata.org/entity/Q26835994
3740;Desconsol 83a;Escultura;Josep Llimona i Bruguera;;;;;;;;;;;;;;;;;;Barcelona;http://www.wikidata.org/entity/Q26835963
3741;Desconsol 83b;Escultura;Josep Llimona i Bruguera;;;;;;;;;;;;;;;;;;Madrid;http://www.wikidata.org/entity/Q26835985
3742;Desconsol 83c;Escultura;Josep Llimona i Bruguera;;;;;;;;;;;;;;;;;;Sitges;http://www.wikidata.org/entity/Q26835990
3743;Desconsol 83d;Escultura;Josep Llimona i Bruguera;;;;;;;;;;;;;;;;;;Sitges;http://www.wikidata.org/entity/Q26835988
3744;Desconsol 83e;Escultura;Josep Llimona i Bruguera;;;;;;;;;;;;;;;;;;Barcelona;http://www.wikidata.org/entity/Q26835987
3745;Desconsol 83f;Escultura;Josep Llimona i Bruguera;;;;;;;;;;;;;;;;;;Barcelona;http://www.wikidata.org/entity/Q26835969
3746;Desconsol 83h;Escultura;Josep Llimona i Bruguera;;;;;;;;;;;;;;;;;;Barcelona;http://www.wikidata.org/entity/Q26835983
3747;Desconsol 83h*;Escultura;Josep Llimona i Bruguera;;;;;;;;;;;;;;;;;;Barcelona;http://www.wikidata.org/entity/Q26835996
3748;Desconsol 83h** (Boston);Escultura;Josep Llimona i Bruguera;;;;;;;;;;;;;;;;;;Boston;http://www.wikidata.org/entity/Q26835962
3749;Desconsol 83h** (Palma);Escultura;Josep Llimona i Bruguera;;;;;;;;;;;;;;;;;;Palma;http://www.wikidata.org/entity/Q26835966
3750;Desconsol 83i;Escultura;Josep Llimona i Bruguera;;;;;;;;;;;;;;;;;;;http://www.wikidata.org/entity/Q26835993
3751;Desconsol 83j;Escultura;Josep Llimona i Bruguera;;;;;;;;;;;;;;;;;;;http://www.wikidata.org/entity/Q26835995
3752;Desconsol 83k;Escultura;Josep Llimona i Bruguera;;;;;;;;;;;;;;;;;;;http://www.wikidata.org/entity/Q26835967
3753;Desconsol 83l;Escultura;Josep Llimona i Bruguera;;;;;;;;;;;;;;;;;;;http://www.wikidata.org/entity/Q26835992
3754;Desconsolada;Escultura;Josep Llimona i Bruguera;;;;;;;;;;;;;;;;;;Viña del Mar;http://www.wikidata.org/entity/Q26835998
3755;Desembarcament de Colom a Amèrica;Escultura;Josep Llimona i Bruguera;;;;;;;;;;;;;;;;;;;http://www.wikidata.org/entity/Q26835999
3756;Diana caçadora ? (1909-1912?);Escultura;Antoni Parera i Saurina;;;;;;;;;;;;;;;;;;;http://www.wikidata.org/entity/Q23902371
3757;Diana caçadora en repòs;Escultura;Venanci Vallmitjana i Barbany;;;;;;;;;;;;;;;;;;;http://www.wikidata.org/entity/Q23812845
3758;Divina Pastora 116*;Escultura;Josep Llimona i Bruguera;;;;;;;;;;;;;;;;;;Barcelona;http://www.wikidata.org/entity/Q26836121
3759;Doctor Barrachina (Museu d'Art Modern de Tarragona, inv 3054);Escultura;Julio Antonio;;;;;;;;;;;;;;;;;;;http://www.wikidata.org/entity/Q24257005
3760;Doctor Barrachina (Museu d'Art Modern de Tarragona, inv 3279);Escultura;Julio Antonio;;;;;;;;;;;;;;;;;;;http://www.wikidata.org/entity/Q24258301
3761;Dolorosa;Escultura;Anonimat;;;;;;;;;;;;;;;;;;;http://www.wikidata.org/entity/Q23813328
3762;Dona d'Amposta (Museu d'Art Modern de Tarragona, inv 5141);Escultura;Emili Fontbona i Ventosa;;;;;;;;;;;;;;;;;;;http://www.wikidata.org/entity/Q24258403
3763;Dona del farcell;Escultura;Enric Casanovas i Roy;;;;;;http://commons.wikimedia.org/wiki/Special:FilePath/Casa%20Mas%C3%B3%20inv.%20315.2.jpg;;;;;;;;;;;;Girona;http://www.wikidata.org/entity/Q23015860
3764;Dues figures femenines neoclàssiques;Escultura;Antoni Parera i Saurina;;;;;;;;;;;;;;;;;;;http://www.wikidata.org/entity/Q23901951
3765;Eduardo Chicharro (Museu d'Art Modern de Tarragona, inv 3023);Escultura;Julio Antonio;;;;;;;;;;;;;;;;;;;http://www.wikidata.org/entity/Q24256971
3766;Eduardo Chicharro (Museu d'Art Modern de Tarragona, inv 3219);Escultura;Julio Antonio;;;;;;;;;;;;;;;;;;;http://www.wikidata.org/entity/Q24258286
3767;El Bany 177;Escultura;Josep Llimona i Bruguera;;;;;;;;;;;;;;;;;;;http://www.wikidata.org/entity/Q26836001
3768;El Bany 177a;Escultura;Josep Llimona i Bruguera;;;;;;;;;;;;;;;;;;Barcelona;http://www.wikidata.org/entity/Q26836000
3769;El Bany 177b;Escultura;Josep Llimona i Bruguera;;;;;;;;;;;;;;;;;;;http://www.wikidata.org/entity/Q26836002
3770;El Bon Pastor;Escultura;Josep Llimona i Bruguera;;;;;;;;;;;;;;;;;;Sant Sebastià;http://www.wikidata.org/entity/Q26836003
3771;El Dolor i la Resignació;Escultura;Josep Llimona i Bruguera;;;;;;;;;;;;;;;;;;Barcelona;http://www.wikidata.org/entity/Q26836008
3772;El Dret Canònic;Escultura;Josep Llimona i Bruguera;;;;;;;;;;;;;;;;;;Barcelona;http://www.wikidata.org/entity/Q26836011
3773;El Dret Romà;Escultura;Josep Llimona i Bruguera;;;;;;;;;;;;;;;;;;Barcelona;http://www.wikidata.org/entity/Q26836012
3774;El Fill 185;Escultura;Josep Llimona i Bruguera;;;;;;;;;;;;;;;;;;;http://www.wikidata.org/entity/Q26836015
3775;El Fill 185a;Escultura;Josep Llimona i Bruguera;;;;;;;;;;;;;;;;;;Barcelona;http://www.wikidata.org/entity/Q26836013
3776;El Fill Pròdig;Escultura;Josep Llimona i Bruguera;;;;;;;;;;;;;;;;;;Barcelona;http://www.wikidata.org/entity/Q26836016
3777;El Forjador 153;Escultura;Josep Llimona i Bruguera;;;;;;;;;;;;;;;;;;Barcelona;http://www.wikidata.org/entity/Q26836022
3778;El Forjador 153*;Escultura;Josep Llimona i Bruguera;;;;;;;;;;;;;;;;;;Sabadell;http://www.wikidata.org/entity/Q26836018
3779;El Forjador 153a;Escultura;Josep Llimona i Bruguera;;;;;;;;;;;;;;;;;;Barcelona;http://www.wikidata.org/entity/Q26836019
3780;El Forjador 153b;Escultura;Josep Llimona i Bruguera;;;;;;;;;;;;;;;;;;Barcelona;http://www.wikidata.org/entity/Q26836021
3781;El Forjador 153c;Escultura;Josep Llimona i Bruguera;;;;;;;;;;;;;;;;;;Buenos Aires;http://www.wikidata.org/entity/Q26836017
3782;El Novicio (Museu d'Art Modern de Tarragona, inv 3002);Escultura;Julio Antonio;;;;;;;;;;;;;;;;;;;http://www.wikidata.org/entity/Q24255341
3783;El Novicio (Museu d'Art Modern de Tarragona, inv 3204);Escultura;Julio Antonio;;;;;;;;;;;;;;;;;;;http://www.wikidata.org/entity/Q24258299
3784;El Treball 99;Escultura;Josep Llimona i Bruguera;;;;;;;;;;;;;;;;;;;http://www.wikidata.org/entity/Q26836025
3785;El Treball 99a;Escultura;Josep Llimona i Bruguera;;;;;;;;;;;;;;;;;;Sabadell;http://www.wikidata.org/entity/Q26836026
3786;El davallament de la Creu 130;Escultura;Josep Llimona i Bruguera;;;;;;;;;;;;;;;;;;;http://www.wikidata.org/entity/Q26836007
3787;El davallament de la Creu 130a;Escultura;Josep Llimona i Bruguera;;;;;;;;;;;;;;;;;;Barcelona;http://www.wikidata.org/entity/Q26836005
3788;El davallament de la Creu 130b;Escultura;Josep Llimona i Bruguera;;;;;;;;;;;;;;;;;;;http://www.wikidata.org/entity/Q26836006
3789;El petó de Judes;Escultura;Josep Llimona i Bruguera;;;;;;;;;;;;;;;;;;;http://www.wikidata.org/entity/Q26836023
3790;El poeta Lasso de la Vega (Museu d'Art Modern de Tarragona, inv 3057);Escultura;Julio Antonio;;;;;;;;;;;;;;;;;;;http://www.wikidata.org/entity/Q24256963
3791;El prendiment de Jesús;Escultura;Josep Llimona i Bruguera;;;;;;;;;;;;;;;;;;;http://www.wikidata.org/entity/Q26836024
3792;El treball i l'Ornamentalitat AO06;Escultura;Josep Llimona i Bruguera;;;;;;;;;;;;;;;;;;;http://www.wikidata.org/entity/Q26836027
3793;El treball i l'Ornamentalitat AO07;Escultura;Josep Llimona i Bruguera;;;;;;;;;;;;;;;;;;;http://www.wikidata.org/entity/Q26836028
3794;El treball i l'estudi (al·legoria) (1909-1912);Escultura;Antoni Parera i Saurina;;;;;;;;;;;;;;;;;;;http://www.wikidata.org/entity/Q23901941
3795;Elefant (Museu d'Art Modern de Tarragona, inv 3669);Escultura;Josep Pujol Montané;;;;;;;;;;;;;;;;;;;http://www.wikidata.org/entity/Q24258385
3796;Emblema de l'ordre dels franciscans;Escultura;Josep Llimona i Bruguera;;;;;;;;;;;;;;;;;;Barcelona;http://www.wikidata.org/entity/Q26836029
3797;Enric Granados tocant el piano;Escultura;Ismael Smith;;;;;;;;;;;;;;;;;;;http://www.wikidata.org/entity/Q24195127
3798;Entrada del procònsul Marius a Roma;Escultura;Josep Llimona i Bruguera;;;;;;;;;;;;;;;;;;Barcelona;http://www.wikidata.org/entity/Q26836030
3799;Entrevista de Colom i els Reis Catòlics a Santa Fe, davant de Granada;Escultura;Josep Llimona i Bruguera;;;;;;;;;;;;;;;;;;;http://www.wikidata.org/entity/Q26836032
3800;Esbós per Sant Jordi Triomfant;Escultura;Josep Llimona i Bruguera;;;;;;;;;;;;;;;;;;;http://www.wikidata.org/entity/Q26836034
3801;Esbós religiós/funerari;Escultura;Josep Llimona i Bruguera;;;;;;;;;;;;;;;;;;;http://www.wikidata.org/entity/Q26836035
3802;Escultures i ornaments del Gremi de Pagesos;Escultura;Josep Maria Jujol i Gibert;;;;;;;;;;;;;;;;;;Tarragona;http://www.wikidata.org/entity/Q26877475
3803;Escut de l'Escola Pia de Terrassa;Escultura;Josep Llimona i Bruguera;;;;;;;;;;;;;;;;;;;http://www.wikidata.org/entity/Q26836036
3804;Estudi de Joventud;Escultura;Josep Llimona i Bruguera;;;;;;;;;;;;;;;;;;;http://www.wikidata.org/entity/Q26836039
3805;Estudi de La Font;Escultura;Josep Llimona i Bruguera;;;;;;;;;;;;;;;;;;;http://www.wikidata.org/entity/Q26836040
3806;Estudi del natural (dona plorant);Escultura;Josep Llimona i Bruguera;;;;;;;;;;;;;;;;;;;http://www.wikidata.org/entity/Q26836041
3807;Estudi pel Monument al Dr. Robert;Escultura;Josep Llimona i Bruguera;;;;;;;;;;;;;;;;;;;http://www.wikidata.org/entity/Q26836042
3808;Ezequiel;Escultura;Josep Llimona i Bruguera;;;;;;;;;;;;;;;;;;Monistrol de Montserrat;http://www.wikidata.org/entity/Q26836044
3809;Faro Espiritual (Museu d'Art Modern de Tarragona, inv 3018);Escultura;Julio Antonio;;;;;;;;;;;;;;;;;;;http://www.wikidata.org/entity/Q24255344
3810;Faro Espiritual (Museu d'Art Modern de Tarragona, inv 3215);Escultura;Julio Antonio;;;;;;;;;;;;;;;;;;;http://www.wikidata.org/entity/Q24258475
3811;Festa de l'àrbre  (relleu) (1908);Escultura;Antoni Parera i Saurina;;;;;;;;;;;;;;;;;;;http://www.wikidata.org/entity/Q23902025
3812;Figura al·legòrica de la República Argentina (1910?);Escultura;Antoni Parera i Saurina;;;;;;;;;;;;;;;;;;;http://www.wikidata.org/entity/Q23901950
3813;Figura del Rei Mag;Escultura;Anonimat;;;;;;;;;;;;;;;;;;;http://www.wikidata.org/entity/Q23813333
3814;Figura d’apòstol;Escultura;Agapit Vallmitjana i Barbany;;;;;;;;;;;;;;;;;;;http://www.wikidata.org/entity/Q23812714
3815;Figura femenina 193;Escultura;Josep Llimona i Bruguera;;;;;;;;;;;;;;;;;;Barcelona;http://www.wikidata.org/entity/Q26836045
3816;Figura femenina 198;Escultura;Josep Llimona i Bruguera;;;;;;;;;;;;;;;;;;Barcelona;http://www.wikidata.org/entity/Q26836062
3817;Figura femenina 201;Escultura;Josep Llimona i Bruguera;;;;;;;;;;;;;;;;;;;http://www.wikidata.org/entity/Q26836050
3818;Figura femenina 219;Escultura;Josep Llimona i Bruguera;;;;;;;;;;;;;;;;;;Roses;http://www.wikidata.org/entity/Q26836065
3819;Figura femenina 220;Escultura;Josep Llimona i Bruguera;;;;;;;;;;;;;;;;;;Manresa;http://www.wikidata.org/entity/Q26836058
3820;Figura femenina 221;Escultura;Josep Llimona i Bruguera;;;;;;;;;;;;;;;;;;Figueres;http://www.wikidata.org/entity/Q26836066
3821;Figura femenina 222;Escultura;Josep Llimona i Bruguera;;;;;;;;;;;;;;;;;;Barcelona;http://www.wikidata.org/entity/Q26836060
3822;Figura femenina 96;Escultura;Josep Llimona i Bruguera;;;;;;;;;;;;;;;;;;Sitges;http://www.wikidata.org/entity/Q26836063
3823;Figura femenina 96a;Escultura;Josep Llimona i Bruguera;;;;;;;;;;;;;;;;;;Manresa;http://www.wikidata.org/entity/Q26836064
3824;Figura femenina D05;Escultura;Josep Llimona i Bruguera;;;;;;;;;;;;;;;;;;;http://www.wikidata.org/entity/Q26836051
3825;Figura femenina D13;Escultura;Josep Llimona i Bruguera;;;;;;;;;;;;;;;;;;;http://www.wikidata.org/entity/Q26836052
3826;Figura femenina D15;Escultura;Josep Llimona i Bruguera;;;;;;;;;;;;;;;;;;;http://www.wikidata.org/entity/Q26836053
3827;Figura femenina D16;Escultura;Josep Llimona i Bruguera;;;;;;;;;;;;;;;;;;;http://www.wikidata.org/entity/Q26836054
3828;Figura femenina D18;Escultura;Josep Llimona i Bruguera;;;;;;;;;;;;;;;;;;;http://www.wikidata.org/entity/Q26836055
3829;Figura femenina D19;Escultura;Josep Llimona i Bruguera;;;;;;;;;;;;;;;;;;;http://www.wikidata.org/entity/Q26836056
3830;Figura femenina D31;Escultura;Josep Llimona i Bruguera;;;;;;;;;;;;;;;;;;;http://www.wikidata.org/entity/Q26836048
3831;Figura femenina D32;Escultura;Josep Llimona i Bruguera;;;;;;;;;;;;;;;;;;;http://www.wikidata.org/entity/Q26836057
3832;Figura femenina M11;Escultura;Josep Llimona i Bruguera;;;;;;;;;;;;;;;;;;;http://www.wikidata.org/entity/Q26836049
3833;Figura femenina M11a;Escultura;Josep Llimona i Bruguera;;;;;;;;;;;;;;;;;;;http://www.wikidata.org/entity/Q26836047
3834;Figura femenina de perfil 75a;Escultura;Josep Llimona i Bruguera;;;;;;;;;;;;;;;;;;Barcelona;http://www.wikidata.org/entity/Q26836067
3835;Figura femenina de perfil 76;Escultura;Josep Llimona i Bruguera;;;;;;;;;;;;;;;;;;Barcelona;http://www.wikidata.org/entity/Q26836068
3836;Figura femenina sedent (Futbol Club Barcelona);Escultura;Josep Llimona i Bruguera;;;;;;;;;;;;;;;;;;;http://www.wikidata.org/entity/Q26836069
3837;Figura masculina D04;Escultura;Josep Llimona i Bruguera;;;;;;;;;;;;;;;;;;;http://www.wikidata.org/entity/Q26836070
3838;Figureta;Escultura;Anonimat;;;;;;;;;;;;;;;;;;;http://www.wikidata.org/entity/Q23955359
3839;Figureta;Escultura;Anonimat;;;;;;;;;;;;;;;;;;;http://www.wikidata.org/entity/Q23955361
3840;Fragment del Monument al Dr. Robert;Escultura;Josep Llimona i Bruguera;;;;;;;;;;;;;;;;;;;http://www.wikidata.org/entity/Q26836071
3841;Gabriela;Escultura;Josep Reynés i Gurguí;;;;;;;;;;;;;;;;;;Barcelona;http://www.wikidata.org/entity/Q26722352
3842;Gasela (Museu d'Art Modern de Tarragona, inv 3662);Escultura;Josep Pujol Montané;;;;;;;;;;;;;;;;;;;http://www.wikidata.org/entity/Q24258387
3843;Gerro amb figura femenina;Escultura;Josep Llimona i Bruguera;;;;;;;;;;;;;;;;;;;http://www.wikidata.org/entity/Q26836072
3844;Grans ducs (Museu d'Art Modern de Tarragona, inv 3665);Escultura;Josep Pujol Montané;;;;;;;;;;;;;;;;;;;http://www.wikidata.org/entity/Q24258380
3845;Hombre de la Mancha (Museu d'Art Modern de Tarragona, inv 3056);Escultura;Julio Antonio;;;;;;;;;;;;;;;;;;;http://www.wikidata.org/entity/Q24256827
3846;Idil·li;Escultura;Josep Llimona i Bruguera;;;;;;;;;;;;;;;;;;;http://www.wikidata.org/entity/Q26836073
3847;Imatge per la Capella de la Soledat;Escultura;Josep Llimona i Bruguera;;;;;;;;;;;;;;;;;;;http://www.wikidata.org/entity/Q26836076
3848;Immaculada Concepció;Escultura;Josep Llimona i Bruguera;;;;;;;;;;;;;;;;;;;http://www.wikidata.org/entity/Q26836415
3849;Immaculada Concepció 31a;Escultura;Josep Llimona i Bruguera;;;;;;;;;;;;;;;;;;Barcelona;http://www.wikidata.org/entity/Q26836081
3850;Immaculada Concepció 31b;Escultura;Josep Llimona i Bruguera;;;;;;;;;;;;;;;;;;;http://www.wikidata.org/entity/Q26836080
3851;Immaculada Concepció 31c;Escultura;Josep Llimona i Bruguera;;;;;;;;;;;;;;;;;;Barcelona;http://www.wikidata.org/entity/Q26836082
3852;Immaculada Concepció 31d;Escultura;Josep Llimona i Bruguera;;;;;;;;;;;;;;;;;;Barcelona;http://www.wikidata.org/entity/Q26836083
3853;Immaculada Concepció 31f;Escultura;Josep Llimona i Bruguera;;;;;;;;;;;;;;;;;;;http://www.wikidata.org/entity/Q26836078
3854;Immaculada Concepció 31g;Escultura;Josep Llimona i Bruguera;;;;;;;;;;;;;;;;;;Barcelona;http://www.wikidata.org/entity/Q26836077
3855;Immaculada Concepció 31i;Escultura;Josep Llimona i Bruguera;;;;;;;;;;;;;;;;;;;http://www.wikidata.org/entity/Q26836084
3856;Insomni 146;Escultura;Josep Llimona i Bruguera;;;;;;;;;;;;;;;;;;Barcelona;http://www.wikidata.org/entity/Q26836085
3857;Insomni 146a;Escultura;Josep Llimona i Bruguera;;;;;;;;;;;;;;;;;;;http://www.wikidata.org/entity/Q26836086
3858;Isaïes;Escultura;Josep Llimona i Bruguera;;;;;;;;;;;;;;;;;;Monistrol de Montserrat;http://www.wikidata.org/entity/Q26836087
3859;Jaume Callís;Escultura;Josep Llimona i Bruguera;;;;;;;;;;;;;;;;;;Barcelona;http://www.wikidata.org/entity/Q26836089
3860;Jeremies;Escultura;Josep Llimona i Bruguera;;;;;;;;;;;;;;;;;;Monistrol de Montserrat;http://www.wikidata.org/entity/Q26836091
3861;Jesús i els Doctors;Escultura;Josep Llimona i Bruguera;;;;;;;;;;;;;;;;;;Escorca;http://www.wikidata.org/entity/Q26836092
3862;Jesús i els Nens;Escultura;Josep Llimona i Bruguera;;;;;;;;;;;;;;;;;;Sant Julià de Vilatorta;http://www.wikidata.org/entity/Q26836093
3863;Joventut 133a;Escultura;Josep Llimona i Bruguera;;;;;;;;;;;;;;;;;;;http://www.wikidata.org/entity/Q26836101
3864;Joventut 133b;Escultura;Josep Llimona i Bruguera;;;;;;;;;;;;;;;;;;Barcelona;http://www.wikidata.org/entity/Q26836099
3865;Joventut 133c;Escultura;Josep Llimona i Bruguera;;;;;;;;;;;;;;;;;;;http://www.wikidata.org/entity/Q26836103
3866;Joventut 134;Escultura;Josep Llimona i Bruguera;;;;;;;;;;;;;;;;;;;http://www.wikidata.org/entity/Q26836104
3867;Joventut 180;Escultura;Josep Llimona i Bruguera;;;;;;;;;;;;;;;;;;;http://www.wikidata.org/entity/Q26836094
3868;Joventut 180*;Escultura;Josep Llimona i Bruguera;;;;;;;;;;;;;;;;;;Barcelona;http://www.wikidata.org/entity/Q26836098
3869;Joventut 180a;Escultura;Josep Llimona i Bruguera;;;;;;;;;;;;;;;;;;Barcelona;http://www.wikidata.org/entity/Q26836097
3870;Joventut 180b;Escultura;Josep Llimona i Bruguera;;;;;;;;;;;;;;;;;;;http://www.wikidata.org/entity/Q26836095
3871;Joventut 180c;Escultura;Josep Llimona i Bruguera;;;;;;;;;;;;;;;;;;;http://www.wikidata.org/entity/Q26836096
3872;L'Avi;Escultura;Josep Llimona i Bruguera;;;;;;;;;;;;;;;;;;Olot;http://www.wikidata.org/entity/Q26836107
3873;L'Oració de Jesús a l'hort de Getsemaní;Escultura;Josep Llimona i Bruguera;;;;;;;;;;;;;;;;;;Escorca;http://www.wikidata.org/entity/Q26836112
3874;L'enervament AO02;Escultura;Josep Llimona i Bruguera;;;;;;;;;;;;;;;;;;;http://www.wikidata.org/entity/Q26836110
3875;L'enervament AO02a;Escultura;Josep Llimona i Bruguera;;;;;;;;;;;;;;;;;;;http://www.wikidata.org/entity/Q26836111
3876;L'enervament AO02b;Escultura;Josep Llimona i Bruguera;;;;;;;;;;;;;;;;;;;http://www.wikidata.org/entity/Q26836109
3877;L'Àngel de la Fe consolant la Desolació Humana;Escultura;Josep Llimona i Bruguera;;;;;;;;;;;;;;;;;;el Masnou;http://www.wikidata.org/entity/Q26836106
3878;La Divina Pastora 116;Escultura;Josep Llimona i Bruguera;;;;;;;;;;;;;;;;;;;http://www.wikidata.org/entity/Q26836120
3879;La Flagel·lació;Escultura;Josep Llimona i Bruguera;;;;;;;;;;;;;;;;;;Escorca;http://www.wikidata.org/entity/Q26836123
3880;La Font 168;Escultura;Josep Llimona i Bruguera;;;;;;;;;;;;;;;;;;;http://www.wikidata.org/entity/Q26836127
3881;La Font 169;Escultura;Josep Llimona i Bruguera;;;;;;;;;;;;;;;;;;;http://www.wikidata.org/entity/Q26836128
3882;La Font 170;Escultura;Josep Llimona i Bruguera;;;;;;;;;;;;;;;;;;;http://www.wikidata.org/entity/Q26836125
3883;La Font 171;Escultura;Josep Llimona i Bruguera;;;;;;;;;;;;;;;;;;Cerdanyola del Vallès;http://www.wikidata.org/entity/Q26836126
3884;La Font 200;Escultura;Josep Llimona i Bruguera;;;;;;;;;;;;;;;;;;Buenos Aires;http://www.wikidata.org/entity/Q26836129
3885;La Intel·ligència guiant la Força;Escultura;Josep Llimona i Bruguera;;;;;;;;;;;;;;;;;;;http://www.wikidata.org/entity/Q26836132
3886;La Meditació 66;Escultura;Josep Llimona i Bruguera;;;;;;;;;;;;;;;;;;;http://www.wikidata.org/entity/Q26836133
3887;La Meditació 66a;Escultura;Josep Llimona i Bruguera;;;;;;;;;;;;;;;;;;;http://www.wikidata.org/entity/Q26836134
3888;La Primera Comunió 47;Escultura;Josep Llimona i Bruguera;;;;;;;;;;;;;;;;;;Barcelona;http://www.wikidata.org/entity/Q26836143
3889;La Primera Comunió 47a;Escultura;Josep Llimona i Bruguera;;;;;;;;;;;;;;;;;;Barcelona;http://www.wikidata.org/entity/Q26836141
3890;La Primera Comunió 47b;Escultura;Josep Llimona i Bruguera;;;;;;;;;;;;;;;;;;Barcelona;http://www.wikidata.org/entity/Q26836144
3891;La Primera Comunió 47c;Escultura;Josep Llimona i Bruguera;;;;;;;;;;;;;;;;;;Barcelona;http://www.wikidata.org/entity/Q26836139
3892;La Primera Comunió 47d;Escultura;Josep Llimona i Bruguera;;;;;;;;;;;;;;;;;;;http://www.wikidata.org/entity/Q26836145
3893;La Primera Comunió M01;Escultura;Josep Llimona i Bruguera;;;;;;;;;;;;;;;;;;;http://www.wikidata.org/entity/Q26836137
3894;La Primera Comunió M01a;Escultura;Josep Llimona i Bruguera;;;;;;;;;;;;;;;;;;;http://www.wikidata.org/entity/Q26836138
3895;La Primera Comunió M01b;Escultura;Josep Llimona i Bruguera;;;;;;;;;;;;;;;;;;Barcelona;http://www.wikidata.org/entity/Q26836140
3896;La Recompensa;Escultura;Josep Llimona i Bruguera;;;;;;;;;;;;;;;;;;Barcelona;http://www.wikidata.org/entity/Q26836146
3897;La Sagrada Família 32;Escultura;Josep Llimona i Bruguera;;;;;;;;;;;;;;;;;;;http://www.wikidata.org/entity/Q26836148
3898;La Sagrada Família M09;Escultura;Josep Llimona i Bruguera;;;;;;;;;;;;;;;;;;Barcelona;http://www.wikidata.org/entity/Q26836147
3899;La Santíssima Trinitat;Escultura;Josep Llimona i Bruguera;;;;;;;;;;;;;;;;;;;http://www.wikidata.org/entity/Q26836149
3900;La Virtud;Escultura;Josep Llimona i Bruguera;;;;;;;;;;;;;;;;;;Sabadell;http://www.wikidata.org/entity/Q26836150
3901;La Visitació;Escultura;Josep Llimona i Bruguera;;;;;;;;;;;;;;;;;;Escorca;http://www.wikidata.org/entity/Q26836151
3902;La bellesa;Escultura;Josep Llimona i Bruguera;;;;;;http://commons.wikimedia.org/wiki/Special:FilePath/Josep-llimona%20-%20La%20bellesa.jpg;;;;;;;;;;;;;http://www.wikidata.org/entity/Q23906748
3903;La benvinguda del nadó (1909-1912);Escultura;Antoni Parera i Saurina;;;;;;;;;;;;;;;;;;;http://www.wikidata.org/entity/Q23902186
3904;La poesia (Museu d'Art Modern de Tarragona, inv 3037);Escultura;Julio Antonio;;;;;;;;;;;;;;;;;;;http://www.wikidata.org/entity/Q24256960
3905;La poesia (Museu d'Art Modern de Tarragona, inv 3288);Escultura;Julio Antonio;;;;;;;;;;;;;;;;;;;http://www.wikidata.org/entity/Q24256961
3906;La poesía (Museu d'Art Modern de Tarragona, inv 3325);Escultura;Julio Antonio;;;;;;;;;;;;;;;;;;;http://www.wikidata.org/entity/Q24256988
3907;La por AO03;Escultura;Josep Llimona i Bruguera;;;;;;;;;;;;;;;;;;;http://www.wikidata.org/entity/Q26836136
3908;La por AO04;Escultura;Josep Llimona i Bruguera;;;;;;;;;;;;;;;;;;;http://www.wikidata.org/entity/Q26836135
3909;Les flors 202;Escultura;Josep Llimona i Bruguera;;;;;;;;;;;;;;;;;;Barcelona;http://www.wikidata.org/entity/Q26836153
3910;Les flors 202b;Escultura;Josep Llimona i Bruguera;;;;;;;;;;;;;;;;;;;http://www.wikidata.org/entity/Q26836152
3911;Lleona (Museu d'Art Modern de Tarragona, inv 3670);Escultura;Josep Pujol Montané;;;;;;;;;;;;;;;;;;;http://www.wikidata.org/entity/Q24258377
3912;Lleona i els seus fills (1894);Escultura;Agapit Vallmitjana i Abarca;;;;;;;;;;;;;;;;;;;http://www.wikidata.org/entity/Q23902193
3913;Lliga Regionalista M02;Escultura;Josep Llimona i Bruguera;;;;;;;;;;;;;;;;;;;http://www.wikidata.org/entity/Q26836154
3914;Lliga Regionalista als seus interventors;Escultura;Josep Llimona i Bruguera;;;;;;;;;;;;;;;;;;Barcelona;http://www.wikidata.org/entity/Q26836155
3915;Maqueta de monument a Saavedra (Museu d'Art Modern de Tarragona, inv 3043);Escultura;Julio Antonio;;;;;;;;;;;;;;;;;;;http://www.wikidata.org/entity/Q24256990
3916;Mare de Déu amb el Nen;Escultura;Venanci Vallmitjana i Barbany;;;;;;;;;;;;;;;;;;;http://www.wikidata.org/entity/Q23813326
3917;Mare de Déu amb el Nen 127;Escultura;Josep Llimona i Bruguera;;;;;;;;;;;;;;;;;;;http://www.wikidata.org/entity/Q26836159
3918;Mare de Déu amb el Nen 127*;Escultura;Josep Llimona i Bruguera;;;;;;;;;;;;;;;;;;Barcelona;http://www.wikidata.org/entity/Q26836156
3919;Mare de Déu amb el Nen 127a;Escultura;Josep Llimona i Bruguera;;;;;;;;;;;;;;;;;;Cerdanyola del Vallès;http://www.wikidata.org/entity/Q26836162
3920;Mare de Déu amb el Nen 127b;Escultura;Josep Llimona i Bruguera;;;;;;;;;;;;;;;;;;El Vendrell;http://www.wikidata.org/entity/Q26836160
3921;Mare de Déu amb el Nen 127c;Escultura;Josep Llimona i Bruguera;;;;;;;;;;;;;;;;;;Monistrol de Montserrat;http://www.wikidata.org/entity/Q26836163
3922;Mare de Déu amb el Nen 127d;Escultura;Josep Llimona i Bruguera;;;;;;;;;;;;;;;;;;;http://www.wikidata.org/entity/Q26836158
3923;Mare de Déu amb el Nen 228;Escultura;Josep Llimona i Bruguera;;;;;;;;;;;;;;;;;;;http://www.wikidata.org/entity/Q26836165
3924;Mare de Déu amb el Nen, Sant Bonaventura i Sant Tomàs;Escultura;Josep Llimona i Bruguera;;;;;;;;;;;;;;;;;;Barcelona;http://www.wikidata.org/entity/Q26836166
3925;Mare de Déu de Montserrat 215;Escultura;Josep Llimona i Bruguera;;;;;;;;;;;;;;;;;;;http://www.wikidata.org/entity/Q26836416
3926;Mare de Déu de Montserrat 215a;Escultura;Josep Llimona i Bruguera;;;;;;;;;;;;;;;;;;Monistrol de Montserrat;http://www.wikidata.org/entity/Q26836168
3927;Mare de Déu de Montserrat 215b;Escultura;Josep Llimona i Bruguera;;;;;;;;;;;;;;;;;;Monistrol de Montserrat;http://www.wikidata.org/entity/Q26836167
3928;Mare de Déu de Montserrat de l'Institut de Cultura de la Dona;Escultura;Josep Llimona i Bruguera;;;;;;;;;;;;;;;;;;Monistrol de Montserrat;http://www.wikidata.org/entity/Q26836169
3929;Mare de Déu del Roser 126;Escultura;Josep Llimona i Bruguera;;;;;;;;;;;;;;;;;;;http://www.wikidata.org/entity/Q26836177
3930;Mare de Déu del Roser 126*;Escultura;Josep Llimona i Bruguera;;;;;;;;;;;;;;;;;;Barcelona;http://www.wikidata.org/entity/Q26836171
3931;Mare de Déu del Roser 126a;Escultura;Josep Llimona i Bruguera;;;;;;;;;;;;;;;;;;Barcelona;http://www.wikidata.org/entity/Q26836173
3932;Mare de Déu del Roser 126b;Escultura;Josep Llimona i Bruguera;;;;;;;;;;;;;;;;;;Barcelona;http://www.wikidata.org/entity/Q26836175
3933;Mare de Déu dels Dolors;Escultura;Josep Llimona i Bruguera;;;;;;;;;;;;;;;;;;Monistrol de Montserrat;http://www.wikidata.org/entity/Q26836180
3934;Maria la Gitana (Museu d'Art Modern de Tarragona, inv 3016);Escultura;Julio Antonio;;;;;;;;;;;;;;;;;;;http://www.wikidata.org/entity/Q24255343
3935;Maria la Gitana (Museu d'Art Modern de Tarragona, inv 3213);Escultura;Julio Antonio;;;;;;;;;;;;;;;;;;;http://www.wikidata.org/entity/Q24258291
3936;Mariner de Tarragona (Museu d'Art Modern de Tarragona, inv 5142);Escultura;Emili Fontbona i Ventosa;;;;;;;;;;;;;;;;;;;http://www.wikidata.org/entity/Q24258404
3937;Martiri de Sant Esteve;Escultura;Josep Llimona i Bruguera;;;;;;;;;;;;;;;;;;Saragossa;http://www.wikidata.org/entity/Q26836182
3938;Mascarilla de Wagner (Museu d'Art Modern de Tarragona, inv 3040);Escultura;Julio Antonio;;;;;;;;;;;;;;;;;;;http://www.wikidata.org/entity/Q24256959
3939;Mascarilla de Wagner (Museu d'Art Modern de Tarragona, inv 3228);Escultura;Julio Antonio;;;;;;;;;;;;;;;;;;;http://www.wikidata.org/entity/Q24258289
3940;Maternitat;Escultura;Manolo Martínez Hugué;;;;;;;;;;;;;;;;;;;http://www.wikidata.org/entity/Q24049014
3941;Maternitat 182;Escultura;Josep Llimona i Bruguera;;;;;;;;;;;;;;;;;;Barcelona;http://www.wikidata.org/entity/Q26836186
3942;Maternitat 182a;Escultura;Josep Llimona i Bruguera;;;;;;;;;;;;;;;;;;Barcelona;http://www.wikidata.org/entity/Q26836184
3943;Medalla de la V Exposició Internacional d’Art a Joaquim Mir Trinxet (1907);Escultura;Eusebi Arnau i Mascort;;;;;;;;;;;;;;;;;;;http://www.wikidata.org/entity/Q23901861
3944;Meditació;Escultura;Josep Llimona i Bruguera;;;;;;;;;;;;;;;;;;Cadaqués;http://www.wikidata.org/entity/Q26835769
3945;Meditació 145;Escultura;Josep Llimona i Bruguera;;;;;;;;;;;;;;;;;;;http://www.wikidata.org/entity/Q26836187
3946;Meditació 145a;Escultura;Josep Llimona i Bruguera;;;;;;;;;;;;;;;;;;Barcelona;http://www.wikidata.org/entity/Q26836189
3947;Meditació 145b;Escultura;Josep Llimona i Bruguera;;;;;;;;;;;;;;;;;;;http://www.wikidata.org/entity/Q26836188
3948;Meditació 184;Escultura;Josep Llimona i Bruguera;;;;;;;;;;;;;;;;;;;http://www.wikidata.org/entity/Q26836190
3949;Minera de Puertollano (Museu d'Art Modern de Tarragona, inv 3021);Escultura;Julio Antonio;;;;;;;;;;;;;;;;;;;http://www.wikidata.org/entity/Q24255333
3950;Minera de Puertollano (Museu d'Art Modern de Tarragona, inv 3216);Escultura;Julio Antonio;;;;;;;;;;;;;;;;;;;http://www.wikidata.org/entity/Q24258238
3951;Minera de Puertollano (Museu d'Art Modern de Tarragona, inv 3217);Escultura;Julio Antonio;;;;;;;;;;;;;;;;;;;http://www.wikidata.org/entity/Q24258245
3952;Minero de Almadén (Museu d'Art Modern de Tarragona, inv 3028);Escultura;Julio Antonio;;;;;;;;;;;;;;;;;;;http://www.wikidata.org/entity/Q24255325
3953;Modèstia;Escultura;Josep Llimona i Bruguera;;;;;;;;;;;;;;;;;;;http://www.wikidata.org/entity/Q23906747
3954;Modèstia 20;Escultura;Josep Llimona i Bruguera;;;;;;;;;;;;;;;;;;Barcelona;http://www.wikidata.org/entity/Q26836196
3955;Modèstia 20a;Escultura;Josep Llimona i Bruguera;;;;;;;;;;;;;;;;;;Barcelona;http://www.wikidata.org/entity/Q26836200
3956;Modèstia 20b;Escultura;Josep Llimona i Bruguera;;;;;;;;;;;;;;;;;;;http://www.wikidata.org/entity/Q26836197
3957;Modèstia 20d;Escultura;Josep Llimona i Bruguera;;;;;;;;;;;;;;;;;;;http://www.wikidata.org/entity/Q26836192
3958;Modèstia 20e;Escultura;Josep Llimona i Bruguera;;;;;;;;;;;;;;;;;;;http://www.wikidata.org/entity/Q26836191
3959;Modèstia 20f;Escultura;Josep Llimona i Bruguera;;;;;;;;;;;;;;;;;;Barcelona;http://www.wikidata.org/entity/Q26836194
3960;Monument a Colom;Escultura;Josep Llimona i Bruguera;;;;;;;;;;;;;;;;;;Santander;http://www.wikidata.org/entity/Q26836202
3961;Monument a Joan Pere Fontanella;Escultura;Miquel Blay i Fàbregas;;;;;;http://commons.wikimedia.org/wiki/Special:FilePath/Monument%20Joan%20Pere%20Fontanella.JPG;;;;;;;;;;;;;http://www.wikidata.org/entity/Q25349492
3962;Monument a Milà i Fontanals;Escultura;;;;;;;http://commons.wikimedia.org/wiki/Special:FilePath/Monument%20a%20Mil%C3%A0%20i%20Fontanals%20%28Vilafranca%20del%20Pened%C3%A8s%29%20-%203.jpg;;;;;;Point(1.69724 41.3468);;Bé cultural d'interès local;;;;Catalunya;http://www.wikidata.org/entity/Q19257125
3963;Monument a Milà i Fontanals;Escultura;;;;;;;http://commons.wikimedia.org/wiki/Special:FilePath/Monument%20a%20Mil%C3%A0%20i%20Fontanals%20%28Vilafranca%20del%20Pened%C3%A8s%29%20-%203.jpg;;;;;;Point(1.69724 41.3468);;Bé cultural d'interès local;;;;Vilafranca del Penedès;http://www.wikidata.org/entity/Q19257125
3964;Monument a Usandizaga;Escultura;Josep Llimona i Bruguera;;;;;;;;;;;;;;;;;;Sant Sebastià;http://www.wikidata.org/entity/Q26836204
3965;Monument a la família Masllorens;Escultura;Josep Llimona i Bruguera;;;;;;;;;;;;;;;;;;Buenos Aires;http://www.wikidata.org/entity/Q26836203
3966;Monument al Bisbe Jaume Català i Albosa;Escultura;Josep Llimona i Bruguera;;;;;;;;;;;;;;;;;;;http://www.wikidata.org/entity/Q26836205
3967;Monument al Doctor Robert;Escultura;Lluís Domènech i Montaner;;;;;;http://commons.wikimedia.org/wiki/Special:FilePath/Escam%20573%20Monument%20al%20dr%20Robert.jpg;;;;;;Point(2.175507 41.394921);;Bé cultural d'interès local;;;;Barcelona;http://www.wikidata.org/entity/Q15726782
3968;Monument al Dr. Robert;Escultura;Josep Llimona i Bruguera;;;;;;;;;;;;;;;;;;Barcelona;http://www.wikidata.org/entity/Q26836206
3969;Monument als Xiquets de Valls;Escultura;Josep Busquets i Òdena;;;;;;http://commons.wikimedia.org/wiki/Special:FilePath/Valls%20Castell-monument.jpg;;;;;;Point(1.251581 41.287461);;;;;;Valls;http://www.wikidata.org/entity/Q11937556
3970;Monument de la Trobada;Escultura;Josep Llimona i Bruguera;;;;;;;;;;;;;;;;;;Escorca;http://www.wikidata.org/entity/Q26836207
3971;Monument del Lleó;Escultura;;;;;;;http://commons.wikimedia.org/wiki/Special:FilePath/004%20Monument%20del%20Lle%C3%B3%2C%20pl.%20Calvet%20i%20Rubalcaba%20%28Girona%29.JPG;;;;;;Point(2.82267 41.9792);;;;;;Girona;http://www.wikidata.org/entity/Q19368112
3972;Monument funerari a Manuel Calvo;Escultura;Josep Llimona i Bruguera;;;;;;;;;;;;;;;;;;Portugalete;http://www.wikidata.org/entity/Q26836208
3973;Monument funerari de la Família Robert;Escultura;Josep Llimona i Bruguera;;;;;;;;;;;;;;;;;;Sitges;http://www.wikidata.org/entity/Q26836209
3974;Moza de Aldea de Rey (Museu d'Art Modern de Tarragona, inv 3030);Escultura;Julio Antonio;;;;;;;;;;;;;;;;;;;http://www.wikidata.org/entity/Q24255345
3975;Mujer de Castilla (Museu d'Art Modern de Tarragona, inv 3006);Escultura;Julio Antonio;;;;;;;;;;;;;;;;;;;http://www.wikidata.org/entity/Q24255322
3976;Mujer de la Mantilla (Museu d'Art Modern de Tarragona, inv 3033);Escultura;Julio Antonio;;;;;;;;;;;;;;;;;;;http://www.wikidata.org/entity/Q24256957
3977;Mujer de la Mantilla (Museu d'Art Modern de Tarragona, inv 3224);Escultura;Julio Antonio;;;;;;;;;;;;;;;;;;;http://www.wikidata.org/entity/Q24258284
3978;Musa de la Música (Terpsícore);Escultura;Venanci Vallmitjana i Barbany;;;;;;;;;;;;;;;;;;;http://www.wikidata.org/entity/Q23812800
3979;Mà dreta de Julio Antonio (Museu d'Art Modern de Tarragona, inv 3051);Escultura;Julio Antonio;;;;;;;;;;;;;;;;;;;http://www.wikidata.org/entity/Q24256985
3980;Mà esquerra de Julio Antonio (Museu d'Art Modern de Tarragona, inv 3052);Escultura;Julio Antonio;;;;;;;;;;;;;;;;;;;http://www.wikidata.org/entity/Q24255307
3981;Naixement;Escultura;Josep Llimona i Bruguera;;;;;;;;;;;;;;;;;;Escorca;http://www.wikidata.org/entity/Q26836210
3982;Nena asseguda;Escultura;Josep Llimona i Bruguera;;;;;;;;;;;;;;;;;;Barcelona;http://www.wikidata.org/entity/Q26836211
3983;Noblesa;Escultura;Eusebi Arnau i Mascort;;;;;;;;;;;;;;;;;;;http://www.wikidata.org/entity/Q23812703
3984;Noia amb flors (Museu d'Art Modern de Tarragona, inv 3038);Escultura;Julio Antonio;;;;;;;;;;;;;;;;;;;http://www.wikidata.org/entity/Q24254718
3985;Noia amb gerra a la mà;Escultura;Anonimat;;;;;;;;;;;;;;;;;;;http://www.wikidata.org/entity/Q23813340
3986;Nostra Senyora de l'Esperança;Escultura;anònim;;;;;;;;;;;;;;;;;;;http://www.wikidata.org/entity/Q23902127
3987;Nostra Senyora del Roser 59;Escultura;Josep Llimona i Bruguera;;;;;;;;;;;;;;;;;;;http://www.wikidata.org/entity/Q26836214
3988;Nostra Senyora del Roser 59a;Escultura;Josep Llimona i Bruguera;;;;;;;;;;;;;;;;;;Comillas;http://www.wikidata.org/entity/Q26836213
3989;Nostra Senyora del Roser 59c;Escultura;Josep Llimona i Bruguera;;;;;;;;;;;;;;;;;;Saragossa;http://www.wikidata.org/entity/Q26836212
3990;Nu de dona 164;Escultura;Josep Llimona i Bruguera;;;;;;;;;;;;;;;;;;Barcelona;http://www.wikidata.org/entity/Q26836381
3991;Nu de dona 164a;Escultura;Josep Llimona i Bruguera;;;;;;;;;;;;;;;;;;;http://www.wikidata.org/entity/Q26836215
3992;Nu de dona 164b;Escultura;Josep Llimona i Bruguera;;;;;;;;;;;;;;;;;;;http://www.wikidata.org/entity/Q26836287
3993;Nu masculí;Escultura;Josep Clarà i Ayats;;;;;;;;;;;;;;;;;;;http://www.wikidata.org/entity/Q23956379
3994;Panteó Berjano;Escultura;Josep Llimona i Bruguera;;;;;;;;;;;;;;;;;;Càceres;http://www.wikidata.org/entity/Q26836382
3995;Panteó Satrústegui;Escultura;Josep Llimona i Bruguera;;;;;;;;;;;;;;;;;;Sant Sebastià;http://www.wikidata.org/entity/Q26836383
3996;Parella de marabús (Museu d'Art Modern de Tarragona, inv 3666);Escultura;Josep Pujol Montané;;;;;;;;;;;;;;;;;;;http://www.wikidata.org/entity/Q24258394
3997;Parella de simis (Museu d'Art Modern de Tarragona, inv 3664);Escultura;Josep Pujol Montané;;;;;;;;;;;;;;;;;;;http://www.wikidata.org/entity/Q24258398
3998;Pastoral;Escultura;Josep Llimona i Bruguera;;;;;;;;;;;;;;;;;;;http://www.wikidata.org/entity/Q26836384
3999;Patge Florentí;Escultura;Josep Llimona i Bruguera;;;;;;;;;;;;;;;;;;;http://www.wikidata.org/entity/Q26836385
4000;Pedro Sainz de Andino;Escultura;Josep Llimona i Bruguera;;;;;;;;;;;;;;;;;;Barcelona;http://www.wikidata.org/entity/Q26836386
4001;Penell de Gall;Escultura;Pau Gargallo i Catalán;;;;;;http://commons.wikimedia.org/wiki/Special:FilePath/Cau%20Ferrat%20%28planta%20baixa%29%2039%20Penell%20de%20gall.%20Pablo%20Gargallo%201931.JPG;;;;;;;;;;;;;http://www.wikidata.org/entity/Q24049230
4002;Pentecosta;Escultura;Josep Llimona i Bruguera;;;;;;;;;;;;;;;;;;Escorca;http://www.wikidata.org/entity/Q26836387
4003;Pere Nolasc Vives;Escultura;Josep Llimona i Bruguera;;;;;;;;;;;;;;;;;;Barcelona;http://www.wikidata.org/entity/Q26836389
4004;Piedad (Museu d'Art Modern de Tarragona, inv 3031);Escultura;Julio Antonio;;;;;;;;;;;;;;;;;;;http://www.wikidata.org/entity/Q24256826
4005;Piedad (Museu d'Art Modern de Tarragona, inv 3223);Escultura;Julio Antonio;;;;;;;;;;;;;;;;;;;http://www.wikidata.org/entity/Q24258246
4006;Possible esbós per la capella de l'Hospital de Navarra;Escultura;Josep Llimona i Bruguera;;;;;;;;;;;;;;;;;;;http://www.wikidata.org/entity/Q26836390
4007;Pregària 77;Escultura;Josep Llimona i Bruguera;;;;;;;;;;;;;;;;;;;http://www.wikidata.org/entity/Q26836391
4008;Pregària 77a;Escultura;Josep Llimona i Bruguera;;;;;;;;;;;;;;;;;;;http://www.wikidata.org/entity/Q26836392
4009;Premi d'Honor a Frabra i Coats;Escultura;Josep Llimona i Bruguera;;;;;;;;;;;;;;;;;;Barcelona;http://www.wikidata.org/entity/Q26836393
4010;Premi de l'Ajuntament de Barcelona (c. 1908?)  (model d'anvers);Escultura;Antoni Parera i Saurina;;;;;;;;;;;;;;;;;;;http://www.wikidata.org/entity/Q23901964
4011;Presentació de Colom als Reis Catòlics als Reis Catòlics a Còrdova;Escultura;Josep Llimona i Bruguera;;;;;;;;;;;;;;;;;;;http://www.wikidata.org/entity/Q26836394
4012;Primer Misteri de Glòria;Escultura;Antoni Gaudí i Cornet;;;;;;;;;;;;Point(1.8425 41.59);;;;;;Collbató;http://www.wikidata.org/entity/Q23782663
4013;Primer Misteri de Glòria;Escultura;Josep Llimona i Bruguera;;;;;;;;;;;;Point(1.8425 41.59);;;;;;Collbató;http://www.wikidata.org/entity/Q23782663
4014;Primer Misteri de Glòria;Escultura;Dionís Renart i Garcia;;;;;;;;;;;;Point(1.8425 41.59);;;;;;Collbató;http://www.wikidata.org/entity/Q23782663
4015;Projecte de monument;Escultura;Josep Llimona i Bruguera;;;;;;;;;;;;;;;;;;;http://www.wikidata.org/entity/Q26836395
4016;Projecte per a monument;Escultura;Josep Clarà i Ayats;;;;;;;;;;;;;;;;;;;http://www.wikidata.org/entity/Q23956381
4017;Projecte per un monument funerari 84;Escultura;Josep Llimona i Bruguera;;;;;;;;;;;;;;;;;;;http://www.wikidata.org/entity/Q26836396
4018;Projecte per un monument funerari 85;Escultura;Josep Llimona i Bruguera;;;;;;;;;;;;;;;;;;;http://www.wikidata.org/entity/Q26836397
4019;Puma (Museu d'Art Modern de Tarragona, inv 3668);Escultura;Josep Pujol Montané;;;;;;;;;;;;;;;;;;;http://www.wikidata.org/entity/Q24258401
4020;Puríssima 31;Escultura;Josep Llimona i Bruguera;;;;;;;;;;;;;;;;;;;http://www.wikidata.org/entity/Q26836420
4021;Puríssima 31e;Escultura;Josep Llimona i Bruguera;;;;;;;;;;;;;;;;;;;http://www.wikidata.org/entity/Q26836419
4022;Rafael Molina, Lagartijo (Museu d'Art Modern de Tarragona, inv 3027);Escultura;Julio Antonio;;;;;;;;;;;;;;;;;;;http://www.wikidata.org/entity/Q24256980
4023;Rafael Molina, Lagartijo (Museu d'Art Modern de Tarragona, inv 3220);Escultura;Julio Antonio;;;;;;;;;;;;;;;;;;;http://www.wikidata.org/entity/Q24258292
4024;Ramon Berenguer I el Vell 16;Escultura;Josep Llimona i Bruguera;;;;;;;;;;;;;;;;;;;http://www.wikidata.org/entity/Q26836424
4025;Ramon Berenguer III el Gran;Escultura;Josep Llimona i Bruguera;;;;;;;;;;;;;;;;;;Ripoll;http://www.wikidata.org/entity/Q26836425
4026;Ramon Berenguer el Gran;Escultura;Josep Llimona i Bruguera;;;;;;;;;;;;;;;;;;Barcelona;http://www.wikidata.org/entity/Q26836421
4027;Ramon Berenguer el Vell 35;Escultura;Josep Llimona i Bruguera;;;;;;;;;;;;;;;;;;Barcelona;http://www.wikidata.org/entity/Q26836422
4028;Ramon Berenguer el Vell 35a;Escultura;Josep Llimona i Bruguera;;;;;;;;;;;;;;;;;;Barcelona;http://www.wikidata.org/entity/Q26836423
4029;Record dels morts 69;Escultura;Josep Llimona i Bruguera;;;;;;;;;;;;;;;;;;;http://www.wikidata.org/entity/Q26836427
4030;Record dels morts 69a;Escultura;Josep Llimona i Bruguera;;;;;;;;;;;;;;;;;;Arenys de Mar;http://www.wikidata.org/entity/Q26836426
4031;Regatas a Remo (1909-1912);Escultura;Antoni Parera i Saurina;;;;;;;;;;;;;;;;;;;http://www.wikidata.org/entity/Q23901846
4032;Regatas a Vela (1909-1912);Escultura;Antoni Parera i Saurina;;;;;;;;;;;;;;;;;;;http://www.wikidata.org/entity/Q23902157
4033;Regina Sacratissimi Rosarii;Escultura;Josep Llimona i Bruguera;;;;;;;;;;;;;;;;;;;http://www.wikidata.org/entity/Q23906750
4034;Rei negre i patge;Escultura;Anonimat;;;;;;;;;;;;;;;;;;;http://www.wikidata.org/entity/Q23813332
4035;Religiós amb mitra;Escultura;Josep Llimona i Bruguera;;;;;;;;;;;;;;;;;;;http://www.wikidata.org/entity/Q26836428
4036;Relleu de Pau Casals de perfil;Escultura;Murányi Gyula;;;;;;;;;;;;;;;;;;;http://www.wikidata.org/entity/Q24195098
4037;Relleu de Sant Vicenç;Escultura;Josep Llimona i Bruguera;;;;;;;;;;;;;;;;;;;http://www.wikidata.org/entity/Q26836429
4038;Relleus alegòrics a la Fundació de l'ordre mercedària;Escultura;Josep Llimona i Bruguera;;;;;;;;;;;;;;;;;;;http://www.wikidata.org/entity/Q26836430
4039;Relleus del Gran Teatre del Liceu;Escultura;Josep Llimona i Bruguera;;;;;;;;;;;;;;;;;;;http://www.wikidata.org/entity/Q26836432
4040;Resignació 56;Escultura;Josep Llimona i Bruguera;;;;;;;;;;;;;;;;;;;http://www.wikidata.org/entity/Q26836436
4041;Resignació 56a;Escultura;Josep Llimona i Bruguera;;;;;;;;;;;;;;;;;;Granollers;http://www.wikidata.org/entity/Q26836437
4042;Resignació 78;Escultura;Josep Llimona i Bruguera;;;;;;;;;;;;;;;;;;;http://www.wikidata.org/entity/Q26836434
4043;Resignació 78a;Escultura;Josep Llimona i Bruguera;;;;;;;;;;;;;;;;;;Barcelona;http://www.wikidata.org/entity/Q26836438
4044;Resignació 78b;Escultura;Josep Llimona i Bruguera;;;;;;;;;;;;;;;;;;;http://www.wikidata.org/entity/Q26836435
4045;Resurrecció de Crist;Escultura;Josep Llimona i Bruguera;;;;;;;;;;;;;;;;;;Escorca;http://www.wikidata.org/entity/Q26836439
4046;Retaule de Sant Martí;Escultura;Josep Llimona i Bruguera;;;;;;;;;;;;;;;;;;Monistrol de Montserrat;http://www.wikidata.org/entity/Q26836440
4047;Retrat d'Albert Rusiñol;Escultura;Josep Llimona i Bruguera;;;;;;;;;;;;;;;;;;;http://www.wikidata.org/entity/Q26836441
4048;Retrat d'Enric Sagnier i Villavecchia;Escultura;Eusebi Arnau i Mascort;;;;;;;;;;;;;;;;;;;http://www.wikidata.org/entity/Q23902011
4049;Retrat d'home dempeus (Juan C. Cebrián?);Escultura;Antoni Parera i Saurina;;;;;;;;;;;;;;;;;;;http://www.wikidata.org/entity/Q23902376
4050;Retrat de Concepció (cunyada de l'artista);Escultura;Josep Llimona i Bruguera;;;;;;;;;;;;;;;;;;;http://www.wikidata.org/entity/Q26836442
4051;Retrat de Manuel Milà Fontanals (1908);Escultura;Manel Fuxà i Leal;;;;;;;;;;;;;;;;;;;http://www.wikidata.org/entity/Q23902370
4052;Retrat de Marcelino Menéndez Pelayo (1913);Escultura;Manel Fuxà i Leal;;;;;;;;;;;;;;;;;;;http://www.wikidata.org/entity/Q23895668
4053;Retrat de Miquel Vinyals, un industrial de Terrassa;Escultura;Josep Llimona i Bruguera;;;;;;;;;;;;;;;;;;Terrassa;http://www.wikidata.org/entity/Q26836446
4054;Retrat de Salvador Ballber;Escultura;Josep Llimona i Bruguera;;;;;;;;;;;;;;;;;;;http://www.wikidata.org/entity/Q26836447
4055;Retrat de Venanci Vallmitjana Barbany, pare de l'escultor (1908);Escultura;Agapit Vallmitjana i Abarca;;;;;;;;;;;;;;;;;;;http://www.wikidata.org/entity/Q23901939
4056;Retrat de Victor Balaguer Cirera (1910);Escultura;Manel Fuxà i Leal;;;;;;;;;;;;;;;;;;;http://www.wikidata.org/entity/Q23895683
4057;Retrat de l'Abat Oliba;Escultura;Josep Llimona i Bruguera;;;;;;;;;;;;;;;;;;;http://www.wikidata.org/entity/Q26836443
4058;Retrat de l'arquitecte Lluís Domènech i Montaner (1910-1920);Escultura;Eusebi Arnau i Mascort;;;;;;;;;;;;;;;;;;;http://www.wikidata.org/entity/Q23902198
4059;Retrat de l'escultor Manuel Fuxà (c. 1906);Escultura;Pau Gargallo i Catalán;;;;;;;;;;;;;;;;;;;http://www.wikidata.org/entity/Q23901782
4060;Retrat de la Reina Maria Cristina;Escultura;Josep Llimona i Bruguera;;;;;;;;;;;;;;;;;;;http://www.wikidata.org/entity/Q26836444
4061;Retrat de la senyoreta X;Escultura;Josep Llimona i Bruguera;;;;;;;;;;;;;;;;;;;http://www.wikidata.org/entity/Q26836445
4062;Retrat del Doctor Ferran;Escultura;Josep Llimona i Bruguera;;;;;;;;;;;;;;;;;;;http://www.wikidata.org/entity/Q26836448
4063;Retrat del Dr. Fargas;Escultura;Josep Llimona i Bruguera;;;;;;;;;;;;;;;;;;;http://www.wikidata.org/entity/Q26836449
4064;Retrat del Dr. Torras i Bages;Escultura;Josep Llimona i Bruguera;;;;;;;;;;;;;;;;;;;http://www.wikidata.org/entity/Q26836450
4065;Retrat del nét de l'artista 194;Escultura;Josep Llimona i Bruguera;;;;;;;;;;;;;;;;;;;http://www.wikidata.org/entity/Q26836451
4066;Retrat del nét de l'artista 194a;Escultura;Josep Llimona i Bruguera;;;;;;;;;;;;;;;;;;Sitges;http://www.wikidata.org/entity/Q26836457
4067;Retrat del nét de l'artista 194b;Escultura;Josep Llimona i Bruguera;;;;;;;;;;;;;;;;;;Barcelona;http://www.wikidata.org/entity/Q26836455
4068;Retrat del nét de l'artista 194c;Escultura;Josep Llimona i Bruguera;;;;;;;;;;;;;;;;;;;http://www.wikidata.org/entity/Q26836452
4069;Retrat del nét de l'artista 194d;Escultura;Josep Llimona i Bruguera;;;;;;;;;;;;;;;;;;;http://www.wikidata.org/entity/Q26836453
4070;Retrat del pare del picador;Escultura;Josep Llimona i Bruguera;;;;;;;;;;;;;;;;;;;http://www.wikidata.org/entity/Q26836459
4071;Rinoceront (Museu d'Art Modern de Tarragona, inv 3671);Escultura;Josep Pujol Montané;;;;;;;;;;;;;;;;;;;http://www.wikidata.org/entity/Q24258372
4072;Rosa Maria (Museu d'Art Modern de Tarragona, inv 3032);Escultura;Julio Antonio;;;;;;;;;;;;;;;;;;;http://www.wikidata.org/entity/Q24256932
4073;Sagrada Família 90;Escultura;Josep Llimona i Bruguera;;;;;;;;;;;;;;;;;;Barcelona;http://www.wikidata.org/entity/Q26836465
4074;Sagrada Família 90a;Escultura;Josep Llimona i Bruguera;;;;;;;;;;;;;;;;;;Barcelona;http://www.wikidata.org/entity/Q26836464
4075;Sagrada Família 90b;Escultura;Josep Llimona i Bruguera;;;;;;;;;;;;;;;;;;Tremp;http://www.wikidata.org/entity/Q26836462
4076;Sagrada Família 90b*;Escultura;Josep Llimona i Bruguera;;;;;;;;;;;;;;;;;;Barcelona;http://www.wikidata.org/entity/Q26836463
4077;Sagrat Cor 119;Escultura;Josep Llimona i Bruguera;;;;;;;;;;;;;;;;;;Sóller;http://www.wikidata.org/entity/Q26836471
4078;Sagrat Cor 119a;Escultura;Josep Llimona i Bruguera;;;;;;;;;;;;;;;;;;Barcelona;http://www.wikidata.org/entity/Q26836467
4079;Sagrat Cor 119b;Escultura;Josep Llimona i Bruguera;;;;;;;;;;;;;;;;;;Barcelona;http://www.wikidata.org/entity/Q26836475
4080;Sagrat Cor 119c;Escultura;Josep Llimona i Bruguera;;;;;;;;;;;;;;;;;;El Vendrell;http://www.wikidata.org/entity/Q26836472
4081;Sagrat Cor 119d;Escultura;Josep Llimona i Bruguera;;;;;;;;;;;;;;;;;;;http://www.wikidata.org/entity/Q26836469
4082;Sagrat Cor 119e;Escultura;Josep Llimona i Bruguera;;;;;;;;;;;;;;;;;;;http://www.wikidata.org/entity/Q26836470
4083;Sagrat Cor 119f;Escultura;Josep Llimona i Bruguera;;;;;;;;;;;;;;;;;;el Pont d'Armentera;http://www.wikidata.org/entity/Q26836476
4084;Sagrat Cor 120;Escultura;Josep Llimona i Bruguera;;;;;;;;;;;;;;;;;;Barcelona;http://www.wikidata.org/entity/Q26836468
4085;Sagrat Cor 189;Escultura;Josep Llimona i Bruguera;;;;;;;;;;;;;;;;;;;http://www.wikidata.org/entity/Q26836473
4086;Sagrat Cor 65;Escultura;Josep Llimona i Bruguera;;;;;;;;;;;;;;;;;;Saragossa;http://www.wikidata.org/entity/Q26836466
4087;Sagrat Cor 74;Escultura;Josep Llimona i Bruguera;;;;;;;;;;;;;;;;;;;http://www.wikidata.org/entity/Q26836474
4088;Sagrat Cor de Jesús;Escultura;anònim;;;;;;;;;;;;;;;;;;;http://www.wikidata.org/entity/Q23902380
4089;Salomé;Escultura;Joan Borrell i Nicolau;;;;;;;;;;;;;;;;;;;http://www.wikidata.org/entity/Q23952357
4090;Sant Antoni;Escultura;Josep Llimona i Bruguera;;;;;;;;;;;;;;;;;;;http://www.wikidata.org/entity/Q26836477
4091;Sant Antoni Abat lluitant contra la temptació;Escultura;anònim;;;;;;;;;;;;;;;;;;;http://www.wikidata.org/entity/Q23813336
4092;Sant Bartomeu;Escultura;Agapit Vallmitjana i Barbany;;;;;;;;;;;;;;;;;;;http://www.wikidata.org/entity/Q23812709
4093;Sant Bartomeu;Escultura;Agapit Vallmitjana i Barbany;;;;;;;;;;;;;;;;;;;http://www.wikidata.org/entity/Q23812716
4094;Sant Crist de Pompeia;Escultura;Josep Llimona i Bruguera;;;;;;;;;;;;;;;;;;;http://www.wikidata.org/entity/Q26836478
4095;Sant Enterrament 157;Escultura;Josep Llimona i Bruguera;;;;;;;;;;;;;;;;;;Vilafranca del Penedès;http://www.wikidata.org/entity/Q26836480
4096;Sant Enterrament 163;Escultura;Josep Llimona i Bruguera;;;;;;;;;;;;;;;;;;Sóller;http://www.wikidata.org/entity/Q26836481
4097;Sant Enterrament 166;Escultura;Josep Llimona i Bruguera;;;;;;;;;;;;;;;;;;Barcelona;http://www.wikidata.org/entity/Q26836479
4098;Sant Francesc de Paula;Escultura;Agapit Vallmitjana i Barbany;;;;;;;;;;;;;;;;;;;http://www.wikidata.org/entity/Q23812889
4099;Sant Ignasi de Loiola;Escultura;anònim;;;;;;;;;;;;;;;;;;;http://www.wikidata.org/entity/Q23813338
4100;Sant Ignasi de Loiola;Escultura;Anonimat;;;;;;;;;;;;;;;;;;;http://www.wikidata.org/entity/Q23813339
4101;Sant Jaume el Major;Escultura;Agapit Vallmitjana i Barbany;;;;;;;;;;;;;;;;;;;http://www.wikidata.org/entity/Q23812720
4102;Sant Joan;Escultura;Josep Llimona i Bruguera;;;;;;;;;;;;;;;;;;;http://www.wikidata.org/entity/Q26836482
4103;Sant Joan Evangelista;Escultura;Josep Llimona i Bruguera;;;;;;;;;;;;;;;;;;Sant Sebastià;http://www.wikidata.org/entity/Q26836483
4104;Sant Joan de Déu;Escultura;Agapit Vallmitjana i Barbany;;;;;;;;;;;;;;;;;;;http://www.wikidata.org/entity/Q23813316
4105;Sant Jordi 156;Escultura;Josep Llimona i Bruguera;;;;;;;;;;;;;;;;;;Barcelona;http://www.wikidata.org/entity/Q26836484
4106;Sant Jordi 156*;Escultura;Josep Llimona i Bruguera;;;;;;;;;;;;;;;;;;Guadalajara;http://www.wikidata.org/entity/Q26836491
4107;Sant Jordi 175;Escultura;Josep Llimona i Bruguera;;;;;;http://commons.wikimedia.org/wiki/Special:FilePath/Sant%20Jordi%20Llimona.jpg;;;;;;Point(2.143744444 41.367080555);;;;;;Barcelona;http://www.wikidata.org/entity/Q26836489
4108;Sant Jordi 197;Escultura;Josep Llimona i Bruguera;;;;;;;;;;;;;;;;;;Cerdanyola del Vallès;http://www.wikidata.org/entity/Q26836487
4109;Sant Jordi 197a;Escultura;Josep Llimona i Bruguera;;;;;;;;;;;;;;;;;;Barcelona;http://www.wikidata.org/entity/Q26836492
4110;Sant Jordi 197b;Escultura;Josep Llimona i Bruguera;;;;;;;;;;;;;;;;;;;http://www.wikidata.org/entity/Q26836486
4111;Sant Jordi 197c;Escultura;Josep Llimona i Bruguera;;;;;;;;;;;;;;;;;;;http://www.wikidata.org/entity/Q26836493
4112;Sant Jordi Triomfant;Escultura;Josep Llimona i Bruguera;;;;;;;;;;;;;;;;;;;http://www.wikidata.org/entity/Q26836494
4113;Sant Josep de Calassanç;Escultura;Josep Llimona i Bruguera;;;;;;;;;;;;;;;;;;Saragossa;http://www.wikidata.org/entity/Q26836495
4114;Sant Josep i el Nen Jesús 92a;Escultura;Josep Llimona i Bruguera;;;;;;;;;;;;;;;;;;Barcelona;http://www.wikidata.org/entity/Q26836497
4115;Sant Josep i el Nen Jesús 93;Escultura;Josep Llimona i Bruguera;;;;;;;;;;;;;;;;;;Barcelona;http://www.wikidata.org/entity/Q26836549
4116;Sant Josep i el Nen Jesús 93a;Escultura;Josep Llimona i Bruguera;;;;;;;;;;;;;;;;;;;http://www.wikidata.org/entity/Q26836501
4117;Sant Josep i el Nen Jesús 93b;Escultura;Josep Llimona i Bruguera;;;;;;;;;;;;;;;;;;la Pobla de Segur;http://www.wikidata.org/entity/Q26836509
4118;Sant Josep i el Nen Jesús 93c;Escultura;Josep Llimona i Bruguera;;;;;;;;;;;;;;;;;;Barcelona;http://www.wikidata.org/entity/Q26836502
4119;Sant Josep i el Nen Jesús 93d;Escultura;Josep Llimona i Bruguera;;;;;;;;;;;;;;;;;;Barcelona;http://www.wikidata.org/entity/Q26836496
4120;Sant Josep i el Nen Jesús 93e;Escultura;Josep Llimona i Bruguera;;;;;;;;;;;;;;;;;;;http://www.wikidata.org/entity/Q26836634
4121;Sant Josep i el Nen Jesús 93f;Escultura;Josep Llimona i Bruguera;;;;;;;;;;;;;;;;;;;http://www.wikidata.org/entity/Q26836498
4122;Sant Llorenç;Escultura;Josep Llimona i Bruguera;;;;;;;;;;;;;;;;;;Saragossa;http://www.wikidata.org/entity/Q26836554
4123;Sant Lluc;Escultura;Josep Llimona i Bruguera;;;;;;;;;;;;;;;;;;Sant Sebastià;http://www.wikidata.org/entity/Q26836555
4124;Sant Marc;Escultura;Josep Llimona i Bruguera;;;;;;;;;;;;;;;;;;Sant Sebastià;http://www.wikidata.org/entity/Q26836556
4125;Sant Martí;Escultura;Josep Llimona i Bruguera;;;;;;;;;;;;;;;;;;;http://www.wikidata.org/entity/Q26836681
4126;Sant Marçal;Escultura;Josep Llimona i Bruguera;;;;;;;;;;;;;;;;;;Sóller;http://www.wikidata.org/entity/Q26836679
4127;Sant Mateu;Escultura;Josep Llimona i Bruguera;;;;;;;;;;;;;;;;;;Sant Sebastià;http://www.wikidata.org/entity/Q26836684
4128;Sant Mateu;Escultura;Agapit Vallmitjana i Barbany;;;;;;;;;;;;;;;;;;;http://www.wikidata.org/entity/Q23812710
4129;Sant Mateu;Escultura;Agapit Vallmitjana i Barbany;;;;;;;;;;;;;;;;;;;http://www.wikidata.org/entity/Q23812711
4130;Sant Mateu;Escultura;Agapit Vallmitjana i Barbany;;;;;;;;;;;;;;;;;;;http://www.wikidata.org/entity/Q23812715
4131;Sant Mateu;Escultura;Agapit Vallmitjana i Barbany;;;;;;;;;;;;;;;;;;;http://www.wikidata.org/entity/Q23812718
4132;Sant Miquel, Sant Magí i Crist;Escultura;Josep Llimona i Bruguera;;;;;;;;;;;;;;;;;;;http://www.wikidata.org/entity/Q26836686
4133;Sant Nicolau i els Pescadors;Escultura;Josep Llimona i Bruguera;;;;;;;;;;;;;;;;;;Bilbao;http://www.wikidata.org/entity/Q26836702
4134;Sant Pasqual Bailón;Escultura;Anonimat;;;;;;;;;;;;;;;;;;;http://www.wikidata.org/entity/Q23813319
4135;Sant Pere;Escultura;Venanci Vallmitjana i Barbany;;;;;;;;;;;;;;;;;;;http://www.wikidata.org/entity/Q23812721
4136;Sant Pere Nolasc;Escultura;Josep Llimona i Bruguera;;;;;;;;;;;;;;;;;;Saragossa;http://www.wikidata.org/entity/Q26836715
4137;Sant Simó;Escultura;Venanci Vallmitjana i Barbany;;;;;;;;;;;;;;;;;;;http://www.wikidata.org/entity/Q23812723
4138;Sant Simó;Escultura;Agapit Vallmitjana i Barbany;;;;;;;;;;;;;;;;;;;http://www.wikidata.org/entity/Q23813266
4139;Sant Simó;Escultura;Agapit Vallmitjana i Barbany;;;;;;;;;;;;;;;;;;;http://www.wikidata.org/entity/Q23813307
4140;Santa;Escultura;Anonimat;;;;;;;;;;;;;;;;;;;http://www.wikidata.org/entity/Q23813335
4141;Santa Paula;Escultura;Josep Llimona i Bruguera;;;;;;;;;;;;;;;;;;;http://www.wikidata.org/entity/Q26836716
4142;Santa Teresa de Jesús;Escultura;Agapit Vallmitjana i Barbany;;;;;;;;;;;;;;;;;;;http://www.wikidata.org/entity/Q23813330
4143;Santiago Matamoros;Escultura;Anonimat;;;;;;;;;;;;;;;;;;;http://www.wikidata.org/entity/Q23812708
4144;Sedent;Escultura;Josep Llimona i Bruguera;;;;;;;;;;;;;;;;;;Barcelona;http://www.wikidata.org/entity/Q26836717
4145;Segon Misteri de Glòria;Escultura;Bonaventura Bassegoda i Amigó;;;;;;;;;;;;Point(1.8425 41.589722222);;;;;;Collbató;http://www.wikidata.org/entity/Q23782665
4146;Segon Misteri de Glòria;Escultura;Josep Reynés i Gurguí;;;;;;;;;;;;Point(1.8425 41.589722222);;;;;;Collbató;http://www.wikidata.org/entity/Q23782665
4147;Senador Romà;Escultura;Josep Llimona i Bruguera;;;;;;;;;;;;;;;;;;Barcelona;http://www.wikidata.org/entity/Q26836718
4148;Sense títol;Escultura;Josep Llimona i Bruguera;;;;;;;;;;;;;;;;;;Olot;http://www.wikidata.org/entity/Q26836720
4149;Sense títol N10;Escultura;Josep Llimona i Bruguera;;;;;;;;;;;;;;;;;;;http://www.wikidata.org/entity/Q26836719
4150;Sepulcre de Francesc Massaguer i Campins;Escultura;Josep Llimona i Bruguera;;;;;;;;;;;;;;;;;;Arenys de Mar;http://www.wikidata.org/entity/Q26836721
4151;Serenitat;Escultura;Josep Llimona i Bruguera;;;;;;;;;;;;;;;;;;;http://www.wikidata.org/entity/Q23906749
4152;Sirena;Escultura;Agustí Guasch i Gómez;;;;;;;;;;;;;;;;;;;http://www.wikidata.org/entity/Q23952356
4153;Sòcol del Monument a Casanova;Escultura;Josep Llimona i Bruguera;;;;;;;;;;;;;;;;;;Barcelona;http://www.wikidata.org/entity/Q26836722
4154;Teniente Braulio de la Portilla (Museu d'Art Modern de Tarragona, inv 3046);Escultura;Julio Antonio;;;;;;;;;;;;;;;;;;;http://www.wikidata.org/entity/Q24256955
4155;Teniente Braulio de la Portilla (Museu d'Art Modern de Tarragona, inv 3232);Escultura;Julio Antonio;;;;;;;;;;;;;;;;;;;http://www.wikidata.org/entity/Q24258280
4156;Testa clàssica;Escultura;Enric Casanovas i Roy;;;;;;;;;;;;;;;;;;;http://www.wikidata.org/entity/Q23956378
4157;Tiro al Blanco (1909-1912);Escultura;Antoni Parera i Saurina;;;;;;;;;;;;;;;;;;;http://www.wikidata.org/entity/Q23901858
4158;Tristesa;Escultura;Josep Llimona i Bruguera;;;;;;;;;;;;;;;;;;El Vendrell;http://www.wikidata.org/entity/Q26836724
4159;Tríptic ofert a Claudi López Bru;Escultura;Josep Llimona i Bruguera;;;;;;;;;;;;;;;;;;Comillas;http://www.wikidata.org/entity/Q26836723
4160;Tàrraco (Museu d'Art Modern de Tarragona, inv 3013);Escultura;Julio Antonio;;;;;;;;;;;;;;;;;;;http://www.wikidata.org/entity/Q24255330
4161;Tàrraco (Museu d'Art Modern de Tarragona, inv 3059);Escultura;Julio Antonio;;;;;;;;;;;;;;;;;;;http://www.wikidata.org/entity/Q24255338
4162;Velocitat (curses de cotxes) (1909-1912);Escultura;Antoni Parera i Saurina;;;;;;;;;;;;;;;;;;;http://www.wikidata.org/entity/Q23902381
4163;Ventero de Peñalsordo (Museu d'Art Modern de Tarragona, inv 3005);Escultura;Julio Antonio;;;;;;;;;;;;;;;;;;;http://www.wikidata.org/entity/Q24255326
4164;Venus Meditarrànea (Museu d'Art Modern de Tarragona, inv 3203);Escultura;Julio Antonio;;;;;;;;;;;;;;;;;;;http://www.wikidata.org/entity/Q24258296
4165;Venus Meditarrànea (Museu d'Art Modern de Tarragona, inv 3755);Escultura;Julio Antonio;;;;;;;;;;;;;;;;;;;http://www.wikidata.org/entity/Q24260334
4166;Venus Mediterrànea (Museu d'Art Modern de Tarragona, inv 3001);Escultura;Julio Antonio;;;;;;;;;;;;;;;;;;;http://www.wikidata.org/entity/Q24258332
4167;Verge Dolorosa;Escultura;Joan Samsó i Lengly;;;;;;;;;;;;;;;;;;;http://www.wikidata.org/entity/Q23812704
4168;Verge Dolorosa;Escultura;Anonimat;;;;;;;;;;;;;;;;;;;http://www.wikidata.org/entity/Q23813329
4169;Verge Dolorosa;Escultura;anònim;;;;;;;;;;;;;;;;;;;http://www.wikidata.org/entity/Q23813337
4170;Verge amb Nen;Escultura;Josep Llimona i Bruguera;;;;;;http://commons.wikimedia.org/wiki/Special:FilePath/Casa%20Mas%C3%B3%20inv.%20565.1.jpg;;;;;;;;;;;;Girona;http://www.wikidata.org/entity/Q23015872
4171;Verge amb Nen 217;Escultura;Josep Llimona i Bruguera;;;;;;;;;;;;;;;;;;Barcelona;http://www.wikidata.org/entity/Q26836725
4172;Verge amb el Nen (1909-1912?);Escultura;Antoni Parera i Saurina;;;;;;;;;;;;;;;;;;;http://www.wikidata.org/entity/Q23901953
4173;Verge del Carme 210;Escultura;Josep Llimona i Bruguera;;;;;;;;;;;;;;;;;;Palma;http://www.wikidata.org/entity/Q26836726
4174;Verge del Carme 210a;Escultura;Josep Llimona i Bruguera;;;;;;;;;;;;;;;;;;;http://www.wikidata.org/entity/Q26836727
4175;Verge del Pilar;Escultura;Antoni Parera i Saurina;;;;;;;;;;;;;;;;;;;http://www.wikidata.org/entity/Q23902377
4176;Vicente Pinzón;Escultura;Josep Llimona i Bruguera;;;;;;;;;;;;;;;;;;Barcelona;http://www.wikidata.org/entity/Q26836728
4177;Vora l'aigua 186;Escultura;Josep Llimona i Bruguera;;;;;;;;;;;;;;;;;;El Vendrell;http://www.wikidata.org/entity/Q26836730
4178;Vora l'aigua 186a;Escultura;Josep Llimona i Bruguera;;;;;;;;;;;;;;;;;;Barcelona;http://www.wikidata.org/entity/Q26836729
4179;Wagner (Museu d'Art Modern de Tarragona, inv 3026);Escultura;Julio Antonio;;;;;;;;;;;;;;;;;;;http://www.wikidata.org/entity/Q24256972
4180;Wagner (Museu d'Art Modern de Tarragona, inv 3296);Escultura;Julio Antonio;;;;;;;;;;;;;;;;;;;http://www.wikidata.org/entity/Q24256987
4181;Wagner (Museu d'Art Modern de Tarragona, inv 3683);Escultura;Julio Antonio;;;;;;;;;;;;;;;;;;;http://www.wikidata.org/entity/Q24258338
4182;Zaragoza 1808  (al·legoria de la guerra de la Independència amb la basílica del Pilar al fons) (1908)  (model d'anvers);Escultura;Antoni Parera i Saurina;;;;;;;;;;;;;;;;;;;http://www.wikidata.org/entity/Q23901235
4183;Àngel;Escultura;Josep Llimona i Bruguera;;;;;;;;;;;;;;;;;;Collbató;http://www.wikidata.org/entity/Q26835773
4184;Àngel (c. 1896);Escultura;Emili Fontbona i Ventosa;;;;;;;;;;;;;;;;;;;http://www.wikidata.org/entity/Q23895694
4185;Àngel 14;Escultura;Josep Llimona i Bruguera;;;;;;;;;;;;;;;;;;Barcelona;http://www.wikidata.org/entity/Q26835870
4186;Àngel 218;Escultura;Josep Llimona i Bruguera;;;;;;;;;;;;;;;;;;Jaca;http://www.wikidata.org/entity/Q26835845
4187;Àngel 27;Escultura;Josep Llimona i Bruguera;;;;;;;;;;;;;;;;;;Barcelona;http://www.wikidata.org/entity/Q26835869
4188;Àngel 81;Escultura;Josep Llimona i Bruguera;;;;;;;;;;;;;;;;;;Barcelona;http://www.wikidata.org/entity/Q26835849
4189;Àngel Custodi;Escultura;Josep Llimona i Bruguera;;;;;;;;;;;;;;;;;;Comillas;http://www.wikidata.org/entity/Q26835876
4190;Àngel adolescent;Escultura;Josep Llimona i Bruguera;;;;;;;;;;;;;;;;;;Comillas;http://www.wikidata.org/entity/Q26835872
4191;Àngel amb dos nens;Escultura;Josep Llimona i Bruguera;;;;;;;;;;;;;;;;;;Barcelona;http://www.wikidata.org/entity/Q26835873
4192;Àngel amb nen;Escultura;Josep Llimona i Bruguera;;;;;;;;;;;;;;;;;;Saragossa;http://www.wikidata.org/entity/Q26835875
4193;Àngels de la Cova de Sant Ignasi;Escultura;Josep Llimona i Bruguera;;;;;;;;;;;;;;;;;;Manresa;http://www.wikidata.org/entity/Q26835877
4194;Ós (Museu d'Art Modern de Tarragona, inv 3663);Escultura;Josep Pujol Montané;;;;;;;;;;;;;;;;;;;http://www.wikidata.org/entity/Q24258390